ano|club|numero|jugador|posicion|fecha_nacimiento|nacionalidad|altura|pie|fecha_fichaje|valor_mercado|fuente|temporada|fecha_carga
2020|FBC Melgar|12|Carlos Cáceda|Portero|27/09/1991 (27)|Perú|1,85m|Derecho|01/01/2020|500000.0|Transfermarkt|2020|2025-11-04 10:46:46
2020|FBC Melgar|1|Ángelo Campos|Portero|27/04/1993 (25)|Perú|1,81m|Izquierdo|01/01/2019|150000.0|Transfermarkt|2020|2025-11-04 10:46:46
2020|FBC Melgar|35|Jorge Cabezudo|Portero|21/10/2001 (17)|Perú|1,88m|Derecho|01/01/2020||Transfermarkt|2020|2025-11-04 10:46:46
2020|FBC Melgar|8|Pablo Míguez|Defensa central|19/06/1987 (31)|Uruguay, Perú|1,84m|Derecho|06/01/2020|1000000.0|Transfermarkt|2020|2025-11-04 10:46:46
2020|FBC Melgar|2|Hernán Pellerano|Defensa central|04/06/1984 (34)|Argentina, Italia|1,83m|Derecho|05/01/2020|500000.0|Transfermarkt|2020|2025-11-04 10:46:46
2020|FBC Melgar|6|Paolo Fuentes|Defensa central|11/05/1996 (22)|Perú|1,82m|Derecho|01/01/2018|150000.0|Transfermarkt|2020|2025-11-04 10:46:46
2020|FBC Melgar|5|Jeremy Salas|Defensa central|25/02/1995 (23)|Perú|1,85m|Derecho|23/01/2020|75000.0|Transfermarkt|2020|2025-11-04 10:46:46
2020|FBC Melgar|15|Alec Deneumostier|Defensa central|05/05/1999 (19)|Perú, Bélgica|1,86m|Derecho|13/01/2018|50000.0|Transfermarkt|2020|2025-11-04 10:46:46
2020|FBC Melgar|-|Matías Lazo|Defensa central|11/07/2003 (15)|Perú|1,88m|Derecho|01/01/2021||Transfermarkt|2020|2025-11-04 10:46:46
2020|FBC Melgar|29|Paolo Reyna|Lateral izquierdo|13/10/2001 (17)|Perú|1,83m|Izquierdo|01/01/2019||Transfermarkt|2020|2025-11-04 10:46:46
2020|FBC Melgar|39|Eduardo Rabanal|Lateral derecho|30/01/1997 (21)|Perú|1,77m|Derecho|14/01/2020|225000.0|Transfermarkt|2020|2025-11-04 10:46:46
2020|FBC Melgar|24|Carlos Neyra|Lateral derecho|24/05/1995 (23)|Perú|1,70m|Derecho|01/01/2019|50000.0|Transfermarkt|2020|2025-11-04 10:46:46
2020|FBC Melgar|-|Emilio Saba|Lateral derecho|26/03/2001 (17)|Palestina, Perú|1,80m|Derecho|01/01/2021||Transfermarkt|2020|2025-11-04 10:46:46
2020|FBC Melgar|-|Pedro Ibáñez |Lateral derecho|16/01/2001 (17)|Perú|1,77m|Derecho|01/01/2021||Transfermarkt|2020|2025-11-04 10:46:46
2020|FBC Melgar|20|Edson Aubert|Pivote|24/11/1988 (30)|Perú|1,72m|Izquierdo|01/01/2020|200000.0|Transfermarkt|2020|2025-11-04 10:46:46
2020|FBC Melgar|27|Leonardo Mifflin|Pivote|04/01/2000 (18)|Perú|1,82m|Izquierdo|01/01/2018|150000.0|Transfermarkt|2020|2025-11-04 10:46:46
2020|FBC Melgar|-|Yimy Gamero|Pivote|07/01/2002 (16)|Perú|1,74m|Derecho|01/01/2021||Transfermarkt|2020|2025-11-04 10:46:46
2020|FBC Melgar|4|Jesús Pretell|Pivote|26/03/1999 (19)|Perú|1,72m|Derecho|31/01/2020||Transfermarkt|2020|2025-11-04 10:46:46
2020|FBC Melgar|19|Walter Tandazo|Pivote|14/06/2000 (18)|Perú|1,67m|Derecho|22/02/2019||Transfermarkt|2020|2025-11-04 10:46:46
2020|FBC Melgar|-|Hernán Hinostroza|Mediocentro|21/12/1993 (25)|Perú|1,76m|Derecho|30/01/2019|400000.0|Transfermarkt|2020|2025-11-04 10:46:46
2020|FBC Melgar|28|Alexis Arias|Mediocentro|13/12/1995 (23)|Perú|1,65m|Derecho|01/01/2014|400000.0|Transfermarkt|2020|2025-11-04 10:46:46
2020|FBC Melgar|16|Daniel Cabrera|Mediocentro|17/09/1997 (21)|Perú|1,70m|Derecho|10/01/2020|75000.0|Transfermarkt|2020|2025-11-04 10:46:46
2020|FBC Melgar|10|Joel Sánchez|Mediocentro ofensivo|11/06/1989 (29)|Perú|1,67m|Derecho|01/01/2019|600000.0|Transfermarkt|2020|2025-11-04 10:46:46
2020|FBC Melgar|-|Omar Tejeda|Mediocentro ofensivo|22/08/1988 (30)|México|1,74m|Izquierdo|01/01/2020|500000.0|Transfermarkt|2020|2025-11-04 10:46:46
2020|FBC Melgar|7|Joel Amoroso|Mediocentro ofensivo|08/01/1988 (30)|Argentina|1,85m|Derecho|01/07/2019|350000.0|Transfermarkt|2020|2025-11-04 10:46:46
2020|FBC Melgar|-|Jefferson Cáceres|Extremo izquierdo|22/08/2002 (16)|Perú|1,70m|Derecho|01/01/2021||Transfermarkt|2020|2025-11-04 10:46:46
2020|FBC Melgar|17|Hideyoshi Arakaki|Extremo derecho|02/01/1998 (20)|Perú|1,65m|Derecho|01/01/2018|200000.0|Transfermarkt|2020|2025-11-04 10:46:46
2020|FBC Melgar|18|Michel Rasmussen|Extremo derecho|14/08/1999 (19)|Perú, Dinamarca|1,75m|Derecho|01/01/2019||Transfermarkt|2020|2025-11-04 10:46:46
2020|FBC Melgar|11|Írven Ávila|Delantero centro|02/07/1990 (28)|Perú|1,69m|Derecho|01/07/2019|1500000.0|Transfermarkt|2020|2025-11-04 10:46:46
2020|FBC Melgar|9|Othoniel Arce|Delantero centro|08/11/1989 (29)|México|1,90m|Izquierdo|01/01/2020|600000.0|Transfermarkt|2020|2025-11-04 10:46:46
2020|FBC Melgar|14|Jhonny Vidales|Delantero centro|22/04/1992 (26)|Perú|1,80m|Derecho|05/07/2025|400000.0|Transfermarkt|2020|2025-11-04 10:46:46
2020|Club Alianza Lima|24|Steven Rivadeneyra|Portero|02/11/1994 (24)|Perú|1,90m|Derecho|01/01/2020|200000.0|Transfermarkt|2020|2025-11-04 10:46:46
2020|Club Alianza Lima|1|Leao Butrón|Portero|06/03/1977 (41)|Perú, Italia|1,85m|Derecho|01/01/2015|100000.0|Transfermarkt|2020|2025-11-04 10:46:46
2020|Club Alianza Lima|27|Ítalo Espinoza|Portero|17/04/1996 (22)|Perú|1,88m|Derecho|01/01/2023|75000.0|Transfermarkt|2020|2025-11-04 10:46:46
2020|Club Alianza Lima|3|Rubert Quijada|Defensa central|10/02/1989 (29)|Venezuela|1,86m|Izquierdo|10/01/2020|600000.0|Transfermarkt|2020|2025-11-04 10:46:46
2020|Club Alianza Lima|6|Carlos Ascues|Defensa central|19/06/1992 (26)|Perú, Venezuela|1,87m|Derecho|05/01/2020|500000.0|Transfermarkt|2020|2025-11-04 10:46:46
2020|Club Alianza Lima|2|Aldair Salazar|Defensa central|19/08/1994 (24)|Perú|1,79m|Derecho|01/01/2019|350000.0|Transfermarkt|2020|2025-11-04 10:46:46
2020|Club Alianza Lima|-|Aldair Fuentes|Defensa central|25/01/1998 (20)|Perú|1,92m|Derecho|24/07/2024|325000.0|Transfermarkt|2020|2025-11-04 10:46:46
2020|Club Alianza Lima|14|Francisco Duclós|Defensa central|29/01/1996 (22)|Perú|1,85m|Izquierdo|01/01/2017|300000.0|Transfermarkt|2020|2025-11-04 10:46:46
2020|Club Alianza Lima|5|Alberto Rodríguez|Defensa central|31/03/1984 (34)|Perú|1,82m|Derecho|01/01/2020|250000.0|Transfermarkt|2020|2025-11-04 10:46:46
2020|Club Alianza Lima|-|Carlos Montoya|Defensa central|04/05/2002 (16)|Perú|1,78m|Derecho|01/01/2021||Transfermarkt|2020|2025-11-04 10:46:46
2020|Club Alianza Lima|12|Alexi Gómez|Lateral izquierdo|04/03/1993 (25)|Perú|1,74m|Izquierdo|01/01/2020|500000.0|Transfermarkt|2020|2025-11-04 10:46:46
2020|Club Alianza Lima|4|Anthony Rosell|Lateral izquierdo|20/04/1995 (23)|Perú|1,75m|Izquierdo|01/01/2019|225000.0|Transfermarkt|2020|2025-11-04 10:46:46
2020|Club Alianza Lima|-|Sebastián Cavero|Lateral izquierdo|20/06/2002 (16)|Perú|1,75m|Izquierdo|01/01/2021||Transfermarkt|2020|2025-11-04 10:46:46
2020|Club Alianza Lima|29|Dylan Caro|Lateral izquierdo|23/03/1999 (19)|Perú|1,70m|Izquierdo|22/02/2019||Transfermarkt|2020|2025-11-04 10:46:46
2020|Club Alianza Lima|19|Franco Medina|Lateral derecho|18/07/1999 (19)|Perú|1,79m|Derecho|01/01/2019||Transfermarkt|2020|2025-11-04 10:46:46
2020|Club Alianza Lima|25|Oslimg Mora|Lateral derecho|02/06/1999 (19)|Perú|1,73m|Derecho|01/01/2018||Transfermarkt|2020|2025-11-04 10:46:46
2020|Club Alianza Lima|30|Kluiverth Aguilar |Lateral derecho|05/05/2003 (15)|Perú|1,78m|Derecho|01/01/2020||Transfermarkt|2020|2025-11-04 10:46:46
2020|Club Alianza Lima|21|Josepmir Ballón|Pivote|21/03/1988 (30)|Perú|1,81m|Derecho|01/01/2020|550000.0|Transfermarkt|2020|2025-11-04 10:46:46
2020|Club Alianza Lima|13|Carlos Beltrán|Pivote|18/08/1990 (28)|Argentina, Perú|1,87m|Derecho|01/01/2019|350000.0|Transfermarkt|2020|2025-11-04 10:46:46
2020|Club Alianza Lima|-|Jeremi Escate|Pivote|04/03/2002 (16)|Perú|1,75m|Derecho|||Transfermarkt|2020|2025-11-04 10:46:46
2020|Club Alianza Lima|18|Rinaldo Cruzado|Mediocentro|21/09/1984 (34)|Perú|1,80m|Izquierdo|01/01/2017|175000.0|Transfermarkt|2020|2025-11-04 10:46:46
2020|Club Alianza Lima|-|Luis Aguiar|Mediocentro|17/11/1985 (33)|Uruguay, Italia|1,82m|Derecho|22/01/2020|100000.0|Transfermarkt|2020|2025-11-04 10:46:46
2020|Club Alianza Lima|28|Miguel Cornejo|Mediocentro|18/01/2000 (18)|Perú|1,70m|Derecho|01/07/2019||Transfermarkt|2020|2025-11-04 10:46:46
2020|Club Alianza Lima|10|Joazhiño Arroé|Mediocentro ofensivo|05/06/1992 (26)|Perú|1,74m|Derecho|01/01/2019|325000.0|Transfermarkt|2020|2025-11-04 10:46:46
2020|Club Alianza Lima|11|Beto da Silva|Extremo izquierdo|28/12/1996 (22)|Perú, Brasil|1,84m|Derecho|05/02/2020|400000.0|Transfermarkt|2020|2025-11-04 10:46:46
2020|Club Alianza Lima|-|Jean Deza|Extremo izquierdo|09/06/1993 (25)|Perú|1,80m|Derecho|01/01/2020|350000.0|Transfermarkt|2020|2025-11-04 10:46:46
2020|Club Alianza Lima|15|Kevin Ferreyra|Extremo izquierdo|07/06/1999 (19)|Perú|1,80m|Derecho|01/07/2018||Transfermarkt|2020|2025-11-04 10:46:46
2020|Club Alianza Lima|-|Didier La Torre |Extremo derecho|21/03/2002 (16)|Perú|1,78m|Derecho|||Transfermarkt|2020|2025-11-04 10:46:46
2020|Club Alianza Lima|9|Patricio Rubio|Delantero centro|18/04/1989 (29)|Chile|1,76m|Derecho|20/07/2020|725000.0|Transfermarkt|2020|2025-11-04 10:46:46
2020|Club Alianza Lima|-|Federico Rodríguez |Delantero centro|03/04/1991 (27)|Uruguay, España|1,85m|Izquierdo|13/07/2019|650000.0|Transfermarkt|2020|2025-11-04 10:46:46
2020|Club Alianza Lima|-|Adrián Balboa|Delantero centro|19/01/1994 (24)|Uruguay|1,86m|Derecho|08/07/2019|500000.0|Transfermarkt|2020|2025-11-04 10:46:46
2020|Club Alianza Lima|-|Cristian Zúñiga|Delantero centro|07/05/1992 (26)|Colombia|1,77m|Derecho|05/01/2020||Transfermarkt|2020|2025-11-04 10:46:46
2020|Club Alianza Lima|-|Sebastien Pineau|Delantero centro|20/01/2003 (15)|Perú, Chile|1,87m|Derecho|||Transfermarkt|2020|2025-11-04 10:46:46
2020|Club Alianza Lima|16|Gonzalo Sánchez|Delantero centro|06/05/2000 (18)|Perú, Italia|1,82m|Derecho|01/01/2018||Transfermarkt|2020|2025-11-04 10:46:46
2020|Universitario de Deportes|1|José Carvallo|Portero|01/03/1986 (32)|Perú|1,80m|Derecho|01/01/2019|200000.0|Transfermarkt|2020|2025-11-04 10:46:46
2020|Universitario de Deportes|12|Aamet Calderón|Portero|01/07/1998 (20)|Perú|1,85m|Derecho|01/01/2020|50000.0|Transfermarkt|2020|2025-11-04 10:46:46
2020|Universitario de Deportes|-|Mateo Said|Portero|16/10/2002 (16)|Perú, Suiza|1,93m|Derecho|||Transfermarkt|2020|2025-11-04 10:46:46
2020|Universitario de Deportes|21|Diego Romero|Portero|17/08/2001 (17)|Perú|1,89m|Derecho|01/01/2020||Transfermarkt|2020|2025-11-04 10:46:46
2020|Universitario de Deportes|29|Aldo Corzo |Defensa central|20/05/1989 (29)|Perú|1,75m|Derecho|01/01/2017|500000.0|Transfermarkt|2020|2025-11-04 10:46:46
2020|Universitario de Deportes|4|Federico Alonso|Defensa central|04/04/1991 (27)|Uruguay|1,86m|Derecho|10/01/2020|300000.0|Transfermarkt|2020|2025-11-04 10:46:46
2020|Universitario de Deportes|14|Brayan Velarde|Defensa central|18/02/1999 (19)|Perú|1,80m|Derecho|01/01/2018|300000.0|Transfermarkt|2020|2025-11-04 10:46:46
2020|Universitario de Deportes|8|Nelinho Quina|Defensa central|11/05/1987 (31)|Perú|1,83m|Izquierdo|01/01/2019|275000.0|Transfermarkt|2020|2025-11-04 10:46:46
2020|Universitario de Deportes|24|Junior Morales|Defensa central|22/06/1996 (22)|Perú|1,85m|Derecho|01/01/2018|100000.0|Transfermarkt|2020|2025-11-04 10:46:46
2020|Universitario de Deportes|2|Luis Valverde|Defensa central|07/04/2000 (18)|Perú|1,81m|Izquierdo|01/01/2019||Transfermarkt|2020|2025-11-04 10:46:46
2020|Universitario de Deportes|16|Iván Santillán|Lateral izquierdo|06/05/1991 (27)|Perú|1,77m|Izquierdo|01/01/2020|450000.0|Transfermarkt|2020|2025-11-04 10:46:46
2020|Universitario de Deportes|3|Axel Chávez|Lateral izquierdo|22/03/1998 (20)|Perú|1,75m|Izquierdo|01/01/2018|150000.0|Transfermarkt|2020|2025-11-04 10:46:46
2020|Universitario de Deportes|26|Luis Chávez|Lateral izquierdo|10/06/2000 (18)|Perú|1,75m|Izquierdo|01/01/2020||Transfermarkt|2020|2025-11-04 10:46:46
2020|Universitario de Deportes|27|Nelson Cabanillas|Lateral izquierdo|08/02/2000 (18)|Perú|1,70m|Izquierdo|01/01/2020||Transfermarkt|2020|2025-11-04 10:46:46
2020|Universitario de Deportes|32|Diego Chávez|Lateral derecho|07/03/1993 (25)|Perú|1,79m|Derecho|28/01/2020|225000.0|Transfermarkt|2020|2025-11-04 10:46:46
2020|Universitario de Deportes|15|José Zevallos|Lateral derecho|13/01/1999 (19)|Perú|1,75m|Derecho|01/07/2018|100000.0|Transfermarkt|2020|2025-11-04 10:46:46
2020|Universitario de Deportes|6|Armando Alfageme|Pivote|03/11/1990 (28)|Perú|1,76m|Derecho|01/01/2019|425000.0|Transfermarkt|2020|2025-11-04 10:46:46
2020|Universitario de Deportes|5|Rafael Guarderas|Pivote|12/09/1993 (25)|Perú|1,76m|Izquierdo|01/07/2019|400000.0|Transfermarkt|2020|2025-11-04 10:46:46
2020|Universitario de Deportes|23|Jesús Barco|Pivote|09/03/1997 (21)|Perú|1,75m|Derecho|01/01/2018|300000.0|Transfermarkt|2020|2025-11-04 10:46:46
2020|Universitario de Deportes|13|Gerson Barreto|Mediocentro|18/08/1995 (23)|Perú|1,79m|Derecho|04/07/2019|225000.0|Transfermarkt|2020|2025-11-04 10:46:46
2020|Universitario de Deportes|20|Donald Millán|Mediocentro ofensivo|21/03/1986 (32)|Colombia, Perú|1,81m|Derecho|01/01/2020|275000.0|Transfermarkt|2020|2025-11-04 10:46:46
2020|Universitario de Deportes|-|Janos Osorio|Mediocentro ofensivo|12/02/1999 (19)|Perú|1,70m|Derecho|01/01/2019||Transfermarkt|2020|2025-11-04 10:46:46
2020|Universitario de Deportes|10|Alejandro Hohberg|Extremo izquierdo|20/08/1991 (27)|Perú, Uruguay|1,72m|Derecho|10/01/2019|400000.0|Transfermarkt|2020|2025-11-04 10:46:46
2020|Universitario de Deportes|11|Luis Urruti|Extremo izquierdo|11/09/1992 (26)|Uruguay, Perú|1,72m|Derecho|01/01/2022|250000.0|Transfermarkt|2020|2025-11-04 10:46:46
2020|Universitario de Deportes|17|Mathías Carpio|Extremo izquierdo|15/11/2002 (16)|Perú|1,70m|Izquierdo|01/01/2020||Transfermarkt|2020|2025-11-04 10:46:46
2020|Universitario de Deportes|19|Alberto Quintero|Extremo derecho|18/12/1987 (31)|Panamá, Perú|1,68m|Derecho|01/01/2019|500000.0|Transfermarkt|2020|2025-11-04 10:46:46
2020|Universitario de Deportes|28|Paulo de la Cruz|Extremo derecho|22/10/1999 (19)|Perú|1,69m|Derecho|01/01/2018|250000.0|Transfermarkt|2020|2025-11-04 10:46:46
2020|Universitario de Deportes|7|Alexander Succar|Delantero centro|12/08/1995 (23)|Perú, Líbano|1,80m|Derecho|01/01/2020|450000.0|Transfermarkt|2020|2025-11-04 10:46:46
2020|Universitario de Deportes|25|Jonathan Dos Santos|Delantero centro|18/04/1992 (26)|Uruguay|1,78m|Derecho|06/01/2020|300000.0|Transfermarkt|2020|2025-11-04 10:46:46
2020|Cusco FC|1|Ricardo Farro|Portero|06/03/1985 (33)|Perú|1,82m|Derecho|01/01/2019|200000.0|Transfermarkt|2020|2025-11-04 10:46:46
2020|Cusco FC|21|Juan Pretel|Portero|05/11/1983 (35)|Perú|1,89m|Derecho|01/01/2020|150000.0|Transfermarkt|2020|2025-11-04 10:46:46
2020|Cusco FC|31|Carlos Gómez|Portero|18/09/1997 (21)|Perú|1,85m|Derecho|23/07/2020||Transfermarkt|2020|2025-11-04 10:46:46
2020|Cusco FC|3|Yordi Vílchez|Defensa central|13/02/1995 (23)|Perú|1,80m|Derecho|18/01/2020|275000.0|Transfermarkt|2020|2025-11-04 10:46:46
2020|Cusco FC|6|Marcos Delgado|Defensa central|17/02/1988 (30)|Perú|1,88m|Derecho|01/01/2020|250000.0|Transfermarkt|2020|2025-11-04 10:46:46
2020|Cusco FC|16|Miguel Paniagua|Defensa central|14/05/1987 (31)|Paraguay|1,80m|Derecho|01/01/2020|250000.0|Transfermarkt|2020|2025-11-04 10:46:46
2020|Cusco FC|-|Carlos Orbe|Defensa central|17/02/2000 (18)|Perú|1,77m|Izquierdo|01/01/2021||Transfermarkt|2020|2025-11-04 10:46:46
2020|Cusco FC|4|Marco Saravia|Defensa central|06/02/1999 (19)|Perú|1,88m|Derecho|01/01/2025||Transfermarkt|2020|2025-11-04 10:46:46
2020|Cusco FC|25|José Guidino|Lateral izquierdo|09/04/1996 (22)|Perú|1,80m|Izquierdo|01/01/2020|300000.0|Transfermarkt|2020|2025-11-04 10:46:46
2020|Cusco FC|22|Jair Céspedes|Lateral izquierdo|22/05/1984 (34)|Perú|1,70m|Izquierdo|01/01/2020|175000.0|Transfermarkt|2020|2025-11-04 10:46:46
2020|Cusco FC|28|Édinson Chávez|Lateral derecho|20/11/1993 (25)|Perú|1,72m|Derecho|01/01/2020|300000.0|Transfermarkt|2020|2025-11-04 10:46:46
2020|Cusco FC|2|Jorge Toledo|Lateral derecho|22/06/1996 (22)|Perú|1,75m|Derecho|01/01/2020|125000.0|Transfermarkt|2020|2025-11-04 10:46:46
2020|Cusco FC|18|José Velásquez|Lateral derecho|29/10/1998 (20)|Perú|1,71m|Derecho|01/01/2019|100000.0|Transfermarkt|2020|2025-11-04 10:46:46
2020|Cusco FC|-|Jhon Cutimbo|Lateral derecho|01/04/2000 (18)|Perú|||||Transfermarkt|2020|2025-11-04 10:46:46
2020|Cusco FC|13|Josimar Atoche|Pivote|29/09/1989 (29)|Perú|1,77m|Derecho|01/01/2020|350000.0|Transfermarkt|2020|2025-11-04 10:46:46
2020|Cusco FC|26|Miguel Aucca |Pivote|10/08/1998 (20)|Perú|1,68m|Derecho|01/01/2018|75000.0|Transfermarkt|2020|2025-11-04 10:46:46
2020|Cusco FC|15|Oswaldo Valenzuela|Pivote|20/12/2000 (18)|Perú|1,80m|Derecho|01/01/2024||Transfermarkt|2020|2025-11-04 10:46:46
2020|Cusco FC|17|Bryan Chahuaylla|Pivote|28/10/2000 (18)|Perú|1,70m|Derecho|01/01/2020||Transfermarkt|2020|2025-11-04 10:46:46
2020|Cusco FC|32|Erick Gonzales |Pivote|11/04/1996 (22)|Perú|1,90m|Derecho|23/07/2020||Transfermarkt|2020|2025-11-04 10:46:46
2020|Cusco FC|-|Eduardo Aranda|Mediocentro|28/01/1985 (33)|Paraguay|1,75m|Derecho|01/01/2020|250000.0|Transfermarkt|2020|2025-11-04 10:46:46
2020|Cusco FC|23|Willyan Mimbela|Mediocentro ofensivo|15/05/1992 (26)|Perú|1,70m|Izquierdo|10/08/2020|400000.0|Transfermarkt|2020|2025-11-04 10:46:46
2020|Cusco FC|10|Alfredo Ramúa|Mediocentro ofensivo|04/09/1986 (32)|Argentina, Perú|1,65m|Ambidiestro|01/01/2017|325000.0|Transfermarkt|2020|2025-11-04 10:46:46
2020|Cusco FC|21|Edisson López|Mediocentro ofensivo|06/03/1999 (19)|Perú|1,70m|Derecho||50000.0|Transfermarkt|2020|2025-11-04 10:46:46
2020|Cusco FC|30|Franco Boló|Extremo izquierdo|04/02/1994 (24)|Argentina|1,70m|Izquierdo|28/01/2020|450000.0|Transfermarkt|2020|2025-11-04 10:46:46
2020|Cusco FC|-|James Morales|Extremo izquierdo|12/04/2000 (18)|Perú|1,70m|Derecho|01/01/2021||Transfermarkt|2020|2025-11-04 10:46:46
2020|Cusco FC|80|Ray Sandoval|Extremo derecho|13/02/1995 (23)|Perú|1,74m|Derecho|07/08/2020|1000000.0|Transfermarkt|2020|2025-11-04 10:46:46
2020|Cusco FC|27|Pedro Gutiérrez|Extremo derecho|05/10/1991 (27)|Perú|1,72m|Derecho|01/01/2020|275000.0|Transfermarkt|2020|2025-11-04 10:46:46
2020|Cusco FC|7|Miguel Carranza|Extremo derecho|03/11/1995 (23)|Perú|1,64m|Derecho|20/01/2020|225000.0|Transfermarkt|2020|2025-11-04 10:46:46
2020|Cusco FC|11|Brandon Palacios|Extremo derecho|26/03/1998 (20)|Perú, México|1,76m|Izquierdo|01/01/2020||Transfermarkt|2020|2025-11-04 10:46:46
2020|Cusco FC|12|Franco Jhon|Extremo derecho|14/07/1999 (19)|Perú|1,75m|Izquierdo|01/08/2020||Transfermarkt|2020|2025-11-04 10:46:46
2020|Cusco FC|20|Jairo Uscamayta|Extremo derecho|24/08/2001 (17)|Perú|1,70m|Derecho|01/01/2020||Transfermarkt|2020|2025-11-04 10:46:46
2020|Cusco FC|9|Danilo Carando|Delantero centro|05/08/1988 (30)|Argentina, Perú|1,83m|Derecho|01/01/2019|450000.0|Transfermarkt|2020|2025-11-04 10:46:46
2020|Cusco FC|29|Janio Pósito|Delantero centro|10/10/1989 (29)|Perú|1,79m|Derecho|01/01/2022|225000.0|Transfermarkt|2020|2025-11-04 10:46:46
2020|Cusco FC|8|José Rivera|Delantero centro|08/05/1997 (21)|Perú|1,73m|Derecho|10/02/2020|150000.0|Transfermarkt|2020|2025-11-04 10:46:46
2020|Deportivo Binacional|1|Raúl Fernández|Portero|06/10/1985 (33)|Perú|1,85m|Derecho|11/01/2020|200000.0|Transfermarkt|2020|2025-11-04 10:46:46
2020|Deportivo Binacional|31|Ángel Azurín|Portero|29/05/1991 (27)|Perú|1,85m|Derecho|17/01/2025|150000.0|Transfermarkt|2020|2025-11-04 10:46:46
2020|Deportivo Binacional|-|Alexander Araujo|Portero|16/01/1981 (37)|Perú|1,85m|Derecho|01/01/2019|100000.0|Transfermarkt|2020|2025-11-04 10:46:46
2020|Deportivo Binacional|29|Michael Sotillo|Portero|23/09/1984 (34)|Perú|1,82m|Derecho|01/01/2018|100000.0|Transfermarkt|2020|2025-11-04 10:46:46
2020|Deportivo Binacional|3|Camilo Mancilla|Defensa central|26/03/1993 (25)|Colombia|1,84m|Derecho|10/08/2020|450000.0|Transfermarkt|2020|2025-11-04 10:46:46
2020|Deportivo Binacional|-|Nery Bareiro|Defensa central|03/03/1988 (30)|Paraguay|1,85m|Derecho|01/01/2020|250000.0|Transfermarkt|2020|2025-11-04 10:46:46
2020|Deportivo Binacional|-|Omar Reyes|Defensa central|13/12/1988 (30)|Perú|1,88m|Derecho|01/07/2020|250000.0|Transfermarkt|2020|2025-11-04 10:46:46
2020|Deportivo Binacional|12|Diego Otoya|Defensa central|07/05/1991 (27)|Perú|1,79m||08/08/2020|175000.0|Transfermarkt|2020|2025-11-04 10:46:46
2020|Deportivo Binacional|30|John Fajardo|Defensa central|24/02/1989 (29)|Perú|1,85m|Derecho|25/03/2021|50000.0|Transfermarkt|2020|2025-11-04 10:46:46
2020|Deportivo Binacional|5|Eder Fernández|Defensa central|17/10/1988 (30)|Perú|1,84m|Derecho|01/01/2016||Transfermarkt|2020|2025-11-04 10:46:46
2020|Deportivo Binacional|87|Jeickson Reyes|Lateral izquierdo|09/10/1987 (31)|Perú|1,78m|Izquierdo|01/01/2018|175000.0|Transfermarkt|2020|2025-11-04 10:46:46
2020|Deportivo Binacional|15|Paolo Méndez|Lateral izquierdo|05/11/1998 (20)|Perú|1,67m|Izquierdo|01/01/2019||Transfermarkt|2020|2025-11-04 10:46:46
2020|Deportivo Binacional|25|Felipe Mesones|Lateral izquierdo|08/10/1994 (24)|Perú|1,70m|Izquierdo|01/01/2019||Transfermarkt|2020|2025-11-04 10:46:46
2020|Deportivo Binacional|24|Ángel Pérez|Lateral derecho|07/10/1989 (29)|Perú|1,76m|Derecho|01/01/2019|275000.0|Transfermarkt|2020|2025-11-04 10:46:46
2020|Deportivo Binacional|2|Diego Angles|Lateral derecho|20/02/1996 (22)|Perú|1,70m|Derecho|20/01/2019|50000.0|Transfermarkt|2020|2025-11-04 10:46:46
2020|Deportivo Binacional|4|Ángel Romero|Pivote|09/08/1990 (28)|Perú|1,85m|Derecho|01/01/2023|350000.0|Transfermarkt|2020|2025-11-04 10:46:46
2020|Deportivo Binacional|6|Ángel Ojeda|Pivote|11/08/1992 (26)|Perú|1,74m|Derecho|29/03/2019|300000.0|Transfermarkt|2020|2025-11-04 10:46:46
2020|Deportivo Binacional|8|Yorkman Tello|Pivote|21/07/1989 (29)|Perú|1,73m|Derecho|17/01/2025||Transfermarkt|2020|2025-11-04 10:46:46
2020|Deportivo Binacional|16|Roque Guachiré|Pivote|05/05/1995 (23)|Paraguay|1,80m|Izquierdo|01/01/2019||Transfermarkt|2020|2025-11-04 10:46:46
2020|Deportivo Binacional|18|Dahwling Leudo|Mediocentro|24/07/1989 (29)|Colombia|1,78m|Derecho|10/07/2019|550000.0|Transfermarkt|2020|2025-11-04 10:46:46
2020|Deportivo Binacional|-|Reimond Manco|Mediocentro ofensivo|23/08/1990 (28)|Perú, Venezuela|1,72m|Derecho|01/01/2020|500000.0|Transfermarkt|2020|2025-11-04 10:46:46
2020|Deportivo Binacional|-|Edson López|Mediocentro ofensivo|03/08/1996 (22)|Perú|1,78m|Derecho|01/01/2020|50000.0|Transfermarkt|2020|2025-11-04 10:46:46
2020|Deportivo Binacional|20|Pablo Labrín|Mediocentro ofensivo|29/06/2000 (18)|Perú|1,70m|Derecho|02/08/2021|50000.0|Transfermarkt|2020|2025-11-04 10:46:46
2020|Deportivo Binacional|7|Johan Arango|Extremo izquierdo|05/02/1991 (27)|Colombia|1,85m|Derecho|01/01/2020|800000.0|Transfermarkt|2020|2025-11-04 10:46:46
2020|Deportivo Binacional|19|Jean Deza|Extremo izquierdo|09/06/1993 (25)|Perú|1,80m|Derecho|24/06/2020|350000.0|Transfermarkt|2020|2025-11-04 10:46:46
2020|Deportivo Binacional|10|Andy Polar|Extremo izquierdo|17/02/1997 (21)|Perú|1,65m|Derecho|01/01/2016||Transfermarkt|2020|2025-11-04 10:46:46
2020|Deportivo Binacional|13|Joaquín Astorga|Extremo derecho|06/06/2001 (17)|Perú|1,75m|Derecho|22/02/2019||Transfermarkt|2020|2025-11-04 10:46:46
2020|Deportivo Binacional|28|Mauricio Matzuda|Extremo derecho|05/01/2000 (18)|Perú|1,70m|Derecho|15/01/2020||Transfermarkt|2020|2025-11-04 10:46:46
2020|Deportivo Binacional|14|Anthony Osorio|Delantero centro|26/04/1998 (20)|Perú|1,83m|Derecho|16/01/2020|400000.0|Transfermarkt|2020|2025-11-04 10:46:46
2020|Deportivo Binacional|9|Sebastián Gularte|Delantero centro|21/05/1990 (28)|Uruguay|1,81m|Derecho|01/01/2020|350000.0|Transfermarkt|2020|2025-11-04 10:46:46
2020|Deportivo Binacional|-|Aldair Rodríguez|Delantero centro|06/08/1994 (24)|Perú|1,85m|Derecho|01/01/2018|200000.0|Transfermarkt|2020|2025-11-04 10:46:46
2020|Deportivo Binacional|11|Héctor Zeta|Delantero centro|15/05/1994 (24)|Perú|1,84m|Derecho|01/01/2023||Transfermarkt|2020|2025-11-04 10:46:46
2020|FC Carlos Stein|21|Ronald Ruiz|Portero|02/08/1987 (31)|Perú|1,85m|Derecho|07/01/2020|250000.0|Transfermarkt|2020|2025-11-04 10:46:46
2020|FC Carlos Stein|1|Carlos Grados|Portero|15/05/1995 (23)|Perú|1,83m|Derecho|05/01/2020|125000.0|Transfermarkt|2020|2025-11-04 10:46:46
2020|FC Carlos Stein|31|Whilder Torres|Portero|24/04/1995 (23)|Perú|1,85m|Derecho|01/01/2019||Transfermarkt|2020|2025-11-04 10:46:46
2020|FC Carlos Stein|-|Roderick Miller|Defensa central|03/04/1992 (26)|Panamá|1,90m|Izquierdo|05/01/2020|600000.0|Transfermarkt|2020|2025-11-04 10:46:46
2020|FC Carlos Stein|24|Janeiler Rivas|Defensa central|18/05/1988 (30)|Colombia|1,94m|Derecho|25/02/2020|550000.0|Transfermarkt|2020|2025-11-04 10:46:46
2020|FC Carlos Stein|2|Óscar Guerra|Defensa central|25/03/1985 (33)|Perú|1,74m|Derecho|01/02/2025|150000.0|Transfermarkt|2020|2025-11-04 10:46:46
2020|FC Carlos Stein|-|Yonatan Pérez|Defensa central|23/06/1995 (23)|Perú|||23/01/2020||Transfermarkt|2020|2025-11-04 10:46:46
2020|FC Carlos Stein|4|Camilo Jiménez|Defensa central|02/07/1996 (22)|Perú|1,85m|Derecho|01/01/2020||Transfermarkt|2020|2025-11-04 10:46:46
2020|FC Carlos Stein|13|Joaquín Aguirre|Lateral izquierdo|24/07/1995 (23)|Perú|1,78m|Izquierdo|01/01/2020|225000.0|Transfermarkt|2020|2025-11-04 10:46:46
2020|FC Carlos Stein|3|Willy Pretel|Lateral izquierdo|20/04/1994 (24)|Perú|1,74m|Izquierdo|05/01/2020|175000.0|Transfermarkt|2020|2025-11-04 10:46:46
2020|FC Carlos Stein|26|Brayan Guevara|Lateral izquierdo|05/05/1998 (20)|Perú|1,70m|Derecho|01/01/2020|175000.0|Transfermarkt|2020|2025-11-04 10:46:46
2020|FC Carlos Stein|30|Jesús Rabanal|Lateral izquierdo|25/12/1984 (34)|Perú|1,85m|Izquierdo|29/02/2020|150000.0|Transfermarkt|2020|2025-11-04 10:46:46
2020|FC Carlos Stein|12|Ayrthon Quintana|Lateral izquierdo|14/03/2001 (17)|Perú|1,68m|Izquierdo|01/01/2017||Transfermarkt|2020|2025-11-04 10:46:46
2020|FC Carlos Stein|15|Jeremy Rostaing|Lateral derecho|03/05/1995 (23)|Perú|1,76m|Derecho|29/02/2020|250000.0|Transfermarkt|2020|2025-11-04 10:46:46
2020|FC Carlos Stein|56|Cord Cleque|Lateral derecho|09/10/1986 (32)|Perú|1,80m|Derecho|05/01/2020|250000.0|Transfermarkt|2020|2025-11-04 10:46:46
2020|FC Carlos Stein|-|Joao García|Lateral derecho|06/02/1997 (21)|Perú|1,75m|Derecho|20/01/2020||Transfermarkt|2020|2025-11-04 10:46:46
2020|FC Carlos Stein|28|Jorge Taboada|Lateral derecho|01/03/1987 (31)|Perú|1,80m|Derecho|04/08/2021||Transfermarkt|2020|2025-11-04 10:46:46
2020|FC Carlos Stein|15|Josimar Vargas|Pivote|06/04/1990 (28)|Perú|1,77m|Derecho|01/01/2020|250000.0|Transfermarkt|2020|2025-11-04 10:46:46
2020|FC Carlos Stein|6|Jeferson Navarro|Pivote|05/08/2000 (18)|Perú|1,80m|Derecho|01/01/2017||Transfermarkt|2020|2025-11-04 10:46:46
2020|FC Carlos Stein|25|Cristian Mejía|Mediocentro|15/12/1992 (26)|Perú|1,79m|Derecho|20/01/2020|225000.0|Transfermarkt|2020|2025-11-04 10:46:46
2020|FC Carlos Stein|17|Diego Manicero|Mediocentro ofensivo|24/05/1985 (33)|Argentina|1,69m|Derecho|19/01/2023|250000.0|Transfermarkt|2020|2025-11-04 10:46:46
2020|FC Carlos Stein|10|Mario Soto|Mediocentro ofensivo|19/04/1987 (31)|Perú|1,70m|Derecho|15/07/2019|175000.0|Transfermarkt|2020|2025-11-04 10:46:46
2020|FC Carlos Stein|18|Gustavo Aliaga|Mediocentro ofensivo|04/02/1991 (27)|Perú|1,77m|Izquierdo|23/01/2020|75000.0|Transfermarkt|2020|2025-11-04 10:46:46
2020|FC Carlos Stein|8|Álvaro Medrano |Extremo izquierdo|23/10/1995 (23)|Perú|1,77m|Derecho|20/01/2020|350000.0|Transfermarkt|2020|2025-11-04 10:46:46
2020|FC Carlos Stein|70|Juan Diego Gutiérrez|Extremo izquierdo|28/04/1992 (26)|Perú|1,74m||18/07/2020|100000.0|Transfermarkt|2020|2025-11-04 10:46:46
2020|FC Carlos Stein|20|Brahyan Montenegro|Extremo derecho|28/05/1997 (21)|Perú|1,75m|Izquierdo|05/01/2020|100000.0|Transfermarkt|2020|2025-11-04 10:46:46
2020|FC Carlos Stein|-|José Villalobos|Extremo derecho|05/06/1999 (19)|Perú|1,70m|Derecho|01/01/2020||Transfermarkt|2020|2025-11-04 10:46:46
2020|FC Carlos Stein|16|Aryan Romaní|Extremo derecho|12/07/2001 (17)|Perú|1,70m|Izquierdo|18/03/2024||Transfermarkt|2020|2025-11-04 10:46:46
2020|FC Carlos Stein|9|Iván Bulos|Delantero centro|20/05/1993 (25)|Perú|1,88m|Izquierdo|08/08/2020|350000.0|Transfermarkt|2020|2025-11-04 10:46:46
2020|FC Carlos Stein|27|Facundo Parra|Delantero centro|15/06/1985 (33)|Argentina, Alemania|1,88m|Derecho|11/08/2020|350000.0|Transfermarkt|2020|2025-11-04 10:46:46
2020|FC Carlos Stein|-|Luis Perea|Delantero centro|03/09/1986 (32)|Colombia|1,84m|Derecho|01/01/2020|250000.0|Transfermarkt|2020|2025-11-04 10:46:46
2020|FC Carlos Stein|12|Aurelio Gonzales-Vigil|Delantero centro|01/03/1996 (22)|Perú|1,75m|Derecho|29/02/2020|225000.0|Transfermarkt|2020|2025-11-04 10:46:46
2020|FC Carlos Stein|19|Carlos Preciado|Delantero centro|30/03/1985 (33)|Colombia|1,77m|Derecho|01/01/2020|225000.0|Transfermarkt|2020|2025-11-04 10:46:46
2020|FC Carlos Stein|7|Yoffre Vásquez|Delantero centro|21/05/1991 (27)|Perú|1,84m|Derecho|20/11/2019|100000.0|Transfermarkt|2020|2025-11-04 10:46:46
2020|Club Sporting Cristal|-|Patricio Álvarez|Portero|24/01/1994 (24)|Perú|1,80m|Derecho|01/01/2018|250000.0|Transfermarkt|2020|2025-11-04 10:46:46
2020|Club Sporting Cristal|12|Renato Solís|Portero|28/01/1998 (20)|Perú|1,88m|Derecho|01/01/2019|50000.0|Transfermarkt|2020|2025-11-04 10:46:46
2020|Club Sporting Cristal|-|Matías Córdova|Portero|06/05/2002 (16)|Perú|1,95m|Derecho|01/01/2021||Transfermarkt|2020|2025-11-04 10:46:46
2020|Club Sporting Cristal|26|Emile Franco|Portero|03/11/2000 (18)|Perú, Estados Unidos|1,83m|Izquierdo|01/01/2019||Transfermarkt|2020|2025-11-04 10:46:46
2020|Club Sporting Cristal|5|Omar Merlo|Defensa central|12/06/1987 (31)|Argentina, Chile|1,85m|Derecho|16/01/2018|475000.0|Transfermarkt|2020|2025-11-04 10:46:46
2020|Club Sporting Cristal|13|Renzo Revoredo|Defensa central|11/05/1986 (32)|Perú|1,76m|Derecho|01/01/2013|300000.0|Transfermarkt|2020|2025-11-04 10:46:46
2020|Club Sporting Cristal|4|Gianfranco Chávez |Defensa central|10/08/1998 (20)|Perú|1,80m|Derecho|01/01/2017|75000.0|Transfermarkt|2020|2025-11-04 10:46:46
2020|Club Sporting Cristal|3|Rafael Lutiger|Defensa central|03/07/2001 (17)|Perú, Suiza|1,87m|Izquierdo|01/01/2019||Transfermarkt|2020|2025-11-04 10:46:46
2020|Club Sporting Cristal|31|Benjamín Villalta|Defensa central|24/07/2000 (18)|Perú|1,81m|Derecho|01/01/2020||Transfermarkt|2020|2025-11-04 10:46:46
2020|Club Sporting Cristal|29|Nilson Loyola|Lateral izquierdo|26/10/1994 (24)|Perú|1,75m|Izquierdo|01/07/2019|425000.0|Transfermarkt|2020|2025-11-04 10:46:46
2020|Club Sporting Cristal|15|Junior Huerto|Lateral izquierdo|26/04/1999 (19)|Perú|1,80m|Izquierdo|03/01/2020|50000.0|Transfermarkt|2020|2025-11-04 10:46:46
2020|Club Sporting Cristal|2|Johan Madrid|Lateral derecho|26/11/1996 (22)|Perú|1,79m|Derecho|01/01/2016|275000.0|Transfermarkt|2020|2025-11-04 10:46:46
2020|Club Sporting Cristal|22|Carlos Cabello|Lateral derecho|22/09/1997 (21)|Perú|1,75m|Derecho|10/01/2020|100000.0|Transfermarkt|2020|2025-11-04 10:46:46
2020|Club Sporting Cristal|-|Jhilmar Lora|Lateral derecho|24/10/2000 (18)|Perú|1,74m|Derecho|01/01/2021||Transfermarkt|2020|2025-11-04 10:46:46
2020|Club Sporting Cristal|23|Jorge Cazulo|Pivote|14/02/1982 (36)|Uruguay, Perú|1,71m|Derecho|01/01/2012|100000.0|Transfermarkt|2020|2025-11-04 10:46:46
2020|Club Sporting Cristal|16|Jesús Castillo|Pivote|11/06/2001 (17)|Perú|1,85m|Derecho|01/01/2019||Transfermarkt|2020|2025-11-04 10:46:46
2020|Club Sporting Cristal|19|José Inga|Pivote|07/09/1999 (19)|Perú|1,65m|Derecho|01/07/2019||Transfermarkt|2020|2025-11-04 10:46:46
2020|Club Sporting Cristal|7|Horacio Calcaterra |Mediocentro|22/02/1989 (29)|Perú, Argentina|1,77m|Derecho|01/01/2013|500000.0|Transfermarkt|2020|2025-11-04 10:46:46
2020|Club Sporting Cristal|25|Martín Távara|Mediocentro|25/03/1999 (19)|Perú|1,84m|Izquierdo|01/01/2016|150000.0|Transfermarkt|2020|2025-11-04 10:46:46
2020|Club Sporting Cristal|-|Diego Soto|Mediocentro|31/08/2001 (17)|Perú|1,75m|Derecho|01/01/2021||Transfermarkt|2020|2025-11-04 10:46:46
2020|Club Sporting Cristal|-|Christian Ortíz|Mediocentro ofensivo|20/08/1992 (26)|Argentina|1,70m|Derecho|14/02/2019|625000.0|Transfermarkt|2020|2025-11-04 10:46:46
2020|Club Sporting Cristal|18|Christofer Gonzales|Mediocentro ofensivo|12/10/1992 (26)|Perú|1,77m|Derecho|02/08/2024|450000.0|Transfermarkt|2020|2025-11-04 10:46:46
2020|Club Sporting Cristal|10|Jhon Marchán|Mediocentro ofensivo|02/09/1998 (20)|Venezuela|1,70m|Izquierdo|25/02/2020|150000.0|Transfermarkt|2020|2025-11-04 10:46:46
2020|Club Sporting Cristal|11|Washington Corozo|Extremo izquierdo|09/07/1998 (20)|Ecuador|1,80m|Derecho|10/01/2020|200000.0|Transfermarkt|2020|2025-11-04 10:46:46
2020|Club Sporting Cristal|20|Kevin Sandoval|Extremo izquierdo|03/05/1997 (21)|Perú|1,75m|Izquierdo|01/01/2017|125000.0|Transfermarkt|2020|2025-11-04 10:46:46
2020|Club Sporting Cristal|-|Jhilmar Lobatón|Extremo izquierdo|22/05/1998 (20)|Perú|1,80m|Izquierdo|01/07/2020||Transfermarkt|2020|2025-11-04 10:46:46
2020|Club Sporting Cristal|-|Joao Grimaldo|Extremo izquierdo|20/02/2003 (15)|Perú|1,75m|Derecho|01/01/2021||Transfermarkt|2020|2025-11-04 10:46:46
2020|Club Sporting Cristal|-|Ray Sandoval|Extremo derecho|13/02/1995 (23)|Perú|1,74m|Derecho|01/07/2020|1000000.0|Transfermarkt|2020|2025-11-04 10:46:46
2020|Club Sporting Cristal|-|Aryan Romaní|Extremo derecho|12/07/2001 (17)|Perú|1,70m|Izquierdo|01/01/2021||Transfermarkt|2020|2025-11-04 10:46:46
2020|Club Sporting Cristal|9|Emanuel Herrera|Delantero centro|13/04/1987 (31)|Argentina|1,86m|Derecho|08/01/2018|400000.0|Transfermarkt|2020|2025-11-04 10:46:46
2020|Club Sporting Cristal|14|Christopher Olivares|Delantero centro|03/04/1999 (19)|Perú, Grecia|1,88m|Derecho|01/07/2017|150000.0|Transfermarkt|2020|2025-11-04 10:46:46
2020|Club Sporting Cristal|-|Percy Liza|Delantero centro|10/04/2000 (18)|Perú|1,85m|Derecho|01/01/2021||Transfermarkt|2020|2025-11-04 10:46:46
2020|Universidad César Vallejo|12|Máximo Rabines|Portero|05/07/1993 (25)|Perú|1,83m|Derecho|01/01/2017|100000.0|Transfermarkt|2020|2025-11-04 10:46:46
2020|Universidad César Vallejo|1|Patrick Zubczuk|Portero|21/02/1995 (23)|Perú, Argentina|1,88m|Derecho|01/01/2020|75000.0|Transfermarkt|2020|2025-11-04 10:46:46
2020|Universidad César Vallejo|31|Jeferson Nolasco|Portero|19/03/2002 (16)|Perú|1,90m|Derecho|01/01/2020||Transfermarkt|2020|2025-11-04 10:46:46
2020|Universidad César Vallejo|3|Christian Ramos|Defensa central|04/11/1988 (30)|Perú|1,82m|Derecho|01/01/2020|800000.0|Transfermarkt|2020|2025-11-04 10:46:46
2020|Universidad César Vallejo|6|Renzo Garcés|Defensa central|12/06/1996 (22)|Perú|1,81m|Derecho|01/01/2021|350000.0|Transfermarkt|2020|2025-11-04 10:46:46
2020|Universidad César Vallejo|86|Jersson Vásquez|Defensa central|05/03/1986 (32)|Perú|1,76m|Izquierdo|01/01/2020|225000.0|Transfermarkt|2020|2025-11-04 10:46:46
2020|Universidad César Vallejo|4|Leandro Fleitas|Defensa central|29/12/1983 (35)|Argentina, Perú|1,80m|Derecho|10/01/2017||Transfermarkt|2020|2025-11-04 10:46:46
2020|Universidad César Vallejo|28|Elsar Rodas|Lateral izquierdo|28/02/1994 (24)|Perú|1,65m|Izquierdo|02/02/2018|300000.0|Transfermarkt|2020|2025-11-04 10:46:46
2020|Universidad César Vallejo|40|Ángel Flores|Lateral izquierdo|10/07/2001 (17)|Perú|1,80m|Izquierdo|01/01/2020||Transfermarkt|2020|2025-11-04 10:46:46
2020|Universidad César Vallejo|14|Pedro Requena|Lateral derecho|24/01/1991 (27)|Perú|1,80m|Derecho|15/01/2025|350000.0|Transfermarkt|2020|2025-11-04 10:46:46
2020|Universidad César Vallejo|18|Erick Morillo|Lateral derecho|19/02/2000 (18)|Perú|1,76m|Derecho|01/07/2019||Transfermarkt|2020|2025-11-04 10:46:46
2020|Universidad César Vallejo|8|Arquímedes Figuera|Pivote|06/10/1989 (29)|Venezuela|1,70m|Derecho|01/01/2022|700000.0|Transfermarkt|2020|2025-11-04 10:46:46
2020|Universidad César Vallejo|5|Emiliano Ciucci|Pivote|07/04/1986 (32)|Argentina, Perú|1,78m|Derecho|01/01/2020|250000.0|Transfermarkt|2020|2025-11-04 10:46:46
2020|Universidad César Vallejo|23|Ronald Quinteros|Pivote|28/06/1985 (33)|Perú|1,75m|Derecho|30/08/2017|200000.0|Transfermarkt|2020|2025-11-04 10:46:46
2020|Universidad César Vallejo|25|Frank Ysique |Pivote|20/06/1996 (22)|Perú|1,68m|Derecho|01/01/2021|175000.0|Transfermarkt|2020|2025-11-04 10:46:46
2020|Universidad César Vallejo|-|Jairo Martínez|Mediocentro|29/12/2004 (14)|Perú|1,75m|Izquierdo|01/01/2022||Transfermarkt|2020|2025-11-04 10:46:46
2020|Universidad César Vallejo|22|Jorge Ríos|Mediocentro|07/12/1999 (19)|Perú|1,65m|Derecho|01/01/2018||Transfermarkt|2020|2025-11-04 10:46:46
2020|Universidad César Vallejo|10|Víctor Cedrón |Mediocentro ofensivo|06/10/1993 (25)|Perú|1,73m|Izquierdo|01/07/2019|450000.0|Transfermarkt|2020|2025-11-04 10:46:46
2020|Universidad César Vallejo|7|Jairo Vélez|Mediocentro ofensivo|21/04/1995 (23)|Ecuador, Perú|1,76m|Izquierdo|01/01/2020|200000.0|Transfermarkt|2020|2025-11-04 10:46:46
2020|Universidad César Vallejo|11|Raziel García |Mediocentro ofensivo|15/02/1994 (24)|Perú|1,75m|Derecho|01/01/2018|150000.0|Transfermarkt|2020|2025-11-04 10:46:46
2020|Universidad César Vallejo|16|José Manzaneda|Extremo izquierdo|10/09/1994 (24)|Perú|1,82m|Derecho|10/01/2020|375000.0|Transfermarkt|2020|2025-11-04 10:46:46
2020|Universidad César Vallejo|20|Franchesco Flores|Extremo derecho|15/06/2001 (17)|Perú|1,71m|Derecho|01/01/2020||Transfermarkt|2020|2025-11-04 10:46:46
2020|Universidad César Vallejo|9|Víctor Aquino|Delantero centro|26/11/1985 (33)|Paraguay|1,88m|Derecho|01/01/2020|600000.0|Transfermarkt|2020|2025-11-04 10:46:46
2020|Universidad César Vallejo|17|Yorleys Mena|Delantero centro|20/07/1991 (27)|Colombia, Perú|1,82m|Derecho|01/01/2020|500000.0|Transfermarkt|2020|2025-11-04 10:46:46
2020|Universidad César Vallejo|-|Sebastián La Torre|Delantero centro|29/09/1998 (20)|Perú|1,88m|Derecho|15/07/2020||Transfermarkt|2020|2025-11-04 10:46:46
2020|Universidad César Vallejo|19|Paolo Rivera|Delantero centro|03/02/2001 (17)|Perú|1,80m|Derecho|01/01/2020||Transfermarkt|2020|2025-11-04 10:46:46
2020|Carlos A. Mannucci|12|Manuel Heredia|Portero|09/01/1986 (32)|Perú|1,88m|Derecho|10/08/2018|200000.0|Transfermarkt|2020|2025-11-04 10:46:46
2020|Carlos A. Mannucci|1|Sebastián Rojas|Portero|29/10/1999 (19)|Perú|1,85m|Derecho|01/01/2019||Transfermarkt|2020|2025-11-04 10:46:46
2020|Carlos A. Mannucci|30|Pedro Díaz|Portero|21/04/1998 (20)|Perú|1,84m|Derecho|01/01/2017||Transfermarkt|2020|2025-11-04 10:46:46
2020|Carlos A. Mannucci|3|Horacio Benincasa|Defensa central|11/04/1994 (24)|Perú, Argentina|1,85m|Izquierdo|01/01/2020|400000.0|Transfermarkt|2020|2025-11-04 10:46:46
2020|Carlos A. Mannucci|5|Sebastián Ramírez|Defensa central|18/05/1992 (26)|Uruguay|1,80m|Derecho|01/01/2020|400000.0|Transfermarkt|2020|2025-11-04 10:46:46
2020|Carlos A. Mannucci|20|Kevin Moreno|Defensa central|08/05/1997 (21)|Perú|1,80m|Izquierdo|01/01/2019|175000.0|Transfermarkt|2020|2025-11-04 10:46:46
2020|Carlos A. Mannucci|8|Giancarlo Peña|Defensa central|21/08/1992 (26)|Perú|1,81m|Derecho|26/03/2019|150000.0|Transfermarkt|2020|2025-11-04 10:46:46
2020|Carlos A. Mannucci|24|Gonzalo Rizzo |Defensa central|27/12/1995 (23)|Uruguay|1,89m|Derecho|01/01/2024|50000.0|Transfermarkt|2020|2025-11-04 10:46:46
2020|Carlos A. Mannucci|4|Franz Schmidt|Defensa central|03/05/2000 (18)|Perú|1,90m|Izquierdo|30/01/2020||Transfermarkt|2020|2025-11-04 10:46:46
2020|Carlos A. Mannucci|16|Manuel Corrales|Lateral izquierdo|03/09/1982 (36)|Perú|1,80m|Izquierdo|01/01/2020|150000.0|Transfermarkt|2020|2025-11-04 10:46:46
2020|Carlos A. Mannucci|13|Ricardo Lagos|Lateral izquierdo|20/04/1996 (22)|Perú|1,71m|Izquierdo|01/01/2018||Transfermarkt|2020|2025-11-04 10:46:46
2020|Carlos A. Mannucci|2|Jesús Arismendi|Lateral derecho|25/03/1987 (31)|Perú|1,80m|Derecho|01/01/2020|225000.0|Transfermarkt|2020|2025-11-04 10:46:46
2020|Carlos A. Mannucci|18|Andrés López|Lateral derecho|28/10/1988 (30)|Perú|1,70m|Derecho|01/01/2018|225000.0|Transfermarkt|2020|2025-11-04 10:46:46
2020|Carlos A. Mannucci|19|José Gallardo|Lateral derecho|15/02/2001 (17)|Perú|1,74m|Derecho|30/01/2020||Transfermarkt|2020|2025-11-04 10:46:46
2020|Carlos A. Mannucci|31|Jean Piere Fuentes|Pivote|18/10/1991 (27)|Perú|1,90m|Derecho|01/01/2019|300000.0|Transfermarkt|2020|2025-11-04 10:46:46
2020|Carlos A. Mannucci|28|Tarek Carranza|Pivote|13/02/1992 (26)|Perú|1,77m|Derecho|01/01/2023|275000.0|Transfermarkt|2020|2025-11-04 10:46:46
2020|Carlos A. Mannucci|6|Ernest Nungaray|Pivote|07/05/1992 (26)|Estados Unidos, México|1,80m|Derecho|01/01/2020|250000.0|Transfermarkt|2020|2025-11-04 10:46:46
2020|Carlos A. Mannucci|26|Carlos Flores|Pivote|09/05/1988 (30)|Perú|1,74m|Derecho|01/01/2020|225000.0|Transfermarkt|2020|2025-11-04 10:46:46
2020|Carlos A. Mannucci|14|Richard Chávez|Pivote|12/12/2000 (18)|Perú|1,75m|Derecho|01/01/2020||Transfermarkt|2020|2025-11-04 10:46:46
2020|Carlos A. Mannucci|23|Patricio Arce|Mediocentro ofensivo|23/02/1993 (25)|Perú|1,71m|Derecho|01/01/2020|400000.0|Transfermarkt|2020|2025-11-04 10:46:46
2020|Carlos A. Mannucci|15|Diego Guastavino|Mediocentro ofensivo|26/07/1984 (34)|Uruguay|1,70m|Derecho|01/01/2020|300000.0|Transfermarkt|2020|2025-11-04 10:46:46
2020|Carlos A. Mannucci|17|Luis Benites|Extremo izquierdo|09/07/1996 (22)|Perú|1,65m|Derecho|01/01/2019|200000.0|Transfermarkt|2020|2025-11-04 10:46:46
2020|Carlos A. Mannucci|29|Luis Acuy|Extremo izquierdo|29/06/1998 (20)|Perú|1,75m|Izquierdo|01/01/2020|100000.0|Transfermarkt|2020|2025-11-04 10:46:46
2020|Carlos A. Mannucci|-|Piero Cabel|Extremo izquierdo|23/11/2001 (17)|Perú|||01/01/2021||Transfermarkt|2020|2025-11-04 10:46:46
2020|Carlos A. Mannucci|30|Arley Rodríguez|Extremo derecho|13/02/1993 (25)|Colombia|1,80m|Derecho|29/02/2020|900000.0|Transfermarkt|2020|2025-11-04 10:46:46
2020|Carlos A. Mannucci|11|Javier Núñez|Extremo derecho|23/01/1997 (21)|Perú|1,67m|Derecho|03/01/2025|300000.0|Transfermarkt|2020|2025-11-04 10:46:46
2020|Carlos A. Mannucci|27|Rely Fernández|Extremo derecho|01/11/1997 (21)|Perú|1,77m|Derecho|01/01/2015||Transfermarkt|2020|2025-11-04 10:46:46
2020|Carlos A. Mannucci|7|Osnar Noronha|Delantero centro|17/12/1991 (27)|Perú|1,80m|Izquierdo|10/10/2017|250000.0|Transfermarkt|2020|2025-11-04 10:46:46
2020|Carlos A. Mannucci|22|José Carlos Fernández|Delantero centro|14/05/1983 (35)|Perú, España|1,88m|Derecho|01/07/2019|150000.0|Transfermarkt|2020|2025-11-04 10:46:46
2020|Carlos A. Mannucci|-|Luis Ramos|Delantero centro|13/12/1999 (19)|Perú|1,83m|Derecho|01/01/2019||Transfermarkt|2020|2025-11-04 10:46:46
2020|Club Atlético Grau|1|Bernardo Medina|Portero|14/01/1988 (30)|Paraguay|1,88m|Derecho|13/01/2020||Transfermarkt|2020|2025-11-04 10:46:46
2020|Club Atlético Grau|12|Paolo Izaguirre|Portero|12/02/1998 (20)|Perú|1,80m|Derecho|01/01/2020||Transfermarkt|2020|2025-11-04 10:46:46
2020|Club Atlético Grau|13|Kenneth Córdova|Portero|31/10/1999 (19)|Perú, Estados Unidos|1,80m|Derecho|10/01/2019||Transfermarkt|2020|2025-11-04 10:46:46
2020|Club Atlético Grau|4|Jonathan Ávila|Defensa central|01/11/1991 (27)|Colombia|1,89m|Derecho|15/01/2020|900000.0|Transfermarkt|2020|2025-11-04 10:46:46
2020|Club Atlético Grau|3|Brian Bernaola|Defensa central|17/01/1995 (23)|Perú|1,80m|Derecho|01/02/2020|225000.0|Transfermarkt|2020|2025-11-04 10:46:46
2020|Club Atlético Grau|29|Maelo Reátegui|Defensa central|14/06/1995 (23)|Perú|1,90m|Derecho|13/01/2020|175000.0|Transfermarkt|2020|2025-11-04 10:46:46
2020|Club Atlético Grau|23|Jair Yglesias|Defensa central|10/02/1981 (37)|Perú|1,80m|Izquierdo|01/01/2019|125000.0|Transfermarkt|2020|2025-11-04 10:46:46
2020|Club Atlético Grau|15|Brackson León|Defensa central|13/05/1995 (23)|Perú|1,82m|Derecho|14/02/2019|75000.0|Transfermarkt|2020|2025-11-04 10:46:46
2020|Club Atlético Grau|2|Marcelo Gaona|Defensa central|26/03/1999 (19)|Perú|1,80m|Derecho|01/07/2020||Transfermarkt|2020|2025-11-04 10:46:46
2020|Club Atlético Grau|20|Roberto Céspedes|Lateral izquierdo|10/12/1998 (20)|Perú|1,80m|Izquierdo|06/01/2019|75000.0|Transfermarkt|2020|2025-11-04 10:46:46
2020|Club Atlético Grau|7|Marcelo Gallardo|Lateral izquierdo|06/09/2000 (18)|Perú|1,75m|Izquierdo|29/02/2020||Transfermarkt|2020|2025-11-04 10:46:46
2020|Club Atlético Grau|22|Piero Antón|Lateral izquierdo|11/01/2000 (18)|Perú||Izquierdo|01/01/2019||Transfermarkt|2020|2025-11-04 10:46:46
2020|Club Atlético Grau|28|Jonathan Acasiete|Lateral derecho|11/11/1988 (30)|Perú|1,77m|Derecho|16/02/2021|300000.0|Transfermarkt|2020|2025-11-04 10:46:46
2020|Club Atlético Grau|24|Ronaldo Andía|Lateral derecho|09/07/1997 (21)|Perú|1,72m|Derecho|06/01/2020|200000.0|Transfermarkt|2020|2025-11-04 10:46:46
2020|Club Atlético Grau|30|Flavio Ramírez|Lateral derecho|17/02/1996 (22)|Perú|1,70m|Derecho|29/02/2020|50000.0|Transfermarkt|2020|2025-11-04 10:46:46
2020|Club Atlético Grau|-|Bryan Rivas|Lateral derecho|30/01/2000 (18)|Perú||Derecho|31/07/2020||Transfermarkt|2020|2025-11-04 10:46:46
2020|Club Atlético Grau|33|Frank Gallardo|Lateral derecho|03/01/2000 (18)|Perú|1,70m|Derecho|28/02/2020||Transfermarkt|2020|2025-11-04 10:46:46
2020|Club Atlético Grau|19|Enmanuel Páucar|Pivote|09/08/1996 (22)|Perú|1,76m|Derecho|10/01/2020|325000.0|Transfermarkt|2020|2025-11-04 10:46:46
2020|Club Atlético Grau|25|Neil Marcos|Pivote|11/05/1992 (26)|Perú|1,73m|Derecho|29/02/2020|250000.0|Transfermarkt|2020|2025-11-04 10:46:46
2020|Club Atlético Grau|6|Axel Sánchez|Pivote|27/11/1996 (22)|Perú|1,75m|Derecho|08/05/2017|125000.0|Transfermarkt|2020|2025-11-04 10:46:46
2020|Club Atlético Grau|16|Carlos Canales|Pivote|29/10/1991 (27)|Perú|1,75m|Derecho|14/01/2020||Transfermarkt|2020|2025-11-04 10:46:46
2020|Club Atlético Grau|8|Diego Ramírez|Mediocentro|02/11/1994 (24)|Perú|1,75m|Derecho|09/01/2020|225000.0|Transfermarkt|2020|2025-11-04 10:46:46
2020|Club Atlético Grau|18|Raúl Neira|Mediocentro|07/05/1995 (23)|Perú|1,80m|Derecho|01/07/2018|150000.0|Transfermarkt|2020|2025-11-04 10:46:46
2020|Club Atlético Grau|90|Reimond Manco|Mediocentro ofensivo|23/08/1990 (28)|Perú, Venezuela|1,72m|Derecho|01/07/2020|500000.0|Transfermarkt|2020|2025-11-04 10:46:46
2020|Club Atlético Grau|11|Jairsinho Gonzales|Mediocentro ofensivo|20/12/1989 (29)|Perú|1,66m|Izquierdo|01/01/2020|325000.0|Transfermarkt|2020|2025-11-04 10:46:46
2020|Club Atlético Grau|7|Rolando Arrasco|Mediocentro ofensivo|10/08/1996 (22)|Perú|1,68m|Derecho|15/01/2020|250000.0|Transfermarkt|2020|2025-11-04 10:46:46
2020|Club Atlético Grau|14|Gary Correa|Extremo izquierdo|23/05/1990 (28)|Perú|1,70m|Izquierdo|09/01/2020|300000.0|Transfermarkt|2020|2025-11-04 10:46:46
2020|Club Atlético Grau|27|Kleiber Palomino|Extremo izquierdo|12/07/1999 (19)|Perú, Venezuela|1,69m|Izquierdo|20/01/2020|50000.0|Transfermarkt|2020|2025-11-04 10:46:46
2020|Club Atlético Grau|21|Denilson Gonzales|Extremo izquierdo|26/11/1998 (20)|Perú|1,70m|Derecho|01/01/2018||Transfermarkt|2020|2025-11-04 10:46:46
2020|Club Atlético Grau|17|Oshiro Takeuchi|Extremo derecho|13/10/1994 (24)|Perú|1,80m|Derecho|11/01/2020|200000.0|Transfermarkt|2020|2025-11-04 10:46:46
2020|Club Atlético Grau|26|Cristian Lasso|Extremo derecho|18/02/1991 (27)|Colombia|1,80m||10/01/2020|100000.0|Transfermarkt|2020|2025-11-04 10:46:46
2020|Club Atlético Grau|-|Christopher Cavero|Extremo derecho|29/04/2001 (17)|Perú||Derecho|||Transfermarkt|2020|2025-11-04 10:46:46
2020|Club Atlético Grau|9|Jeferson Collazos|Delantero centro|01/12/1990 (28)|Colombia|1,80m|Derecho|09/01/2020|250000.0|Transfermarkt|2020|2025-11-04 10:46:46
2020|Club Atlético Grau|99|Víctor Rossel|Delantero centro|05/11/1985 (33)|Perú|1,80m|Derecho|12/08/2020|200000.0|Transfermarkt|2020|2025-11-04 10:46:46
2020|Club Atlético Grau|-|Luis Celi|Delantero centro|26/08/2000 (18)|Perú|1,75m|Derecho|01/01/2018||Transfermarkt|2020|2025-11-04 10:46:46
2020|Club Atlético Grau|10|Tiago Cantoro|Delantero centro|06/01/2001 (17)|Perú, Argentina|1,81m|Derecho|10/01/2020||Transfermarkt|2020|2025-11-04 10:46:46
2020|Club Cienciano|-|Christian Ortiz|Portero|09/06/1990 (28)|Perú|1,88m|Derecho|01/01/2020|275000.0|Transfermarkt|2020|2025-11-04 10:46:46
2020|Club Cienciano|17|Daniel Ferreyra|Portero|22/01/1982 (36)|Argentina, Perú|1,91m|Derecho|01/01/2020|150000.0|Transfermarkt|2020|2025-11-04 10:46:46
2020|Club Cienciano|1|Juniors Barbieri|Portero|20/01/1996 (22)|Perú|1,83m|Derecho|20/01/2019|50000.0|Transfermarkt|2020|2025-11-04 10:46:46
2020|Club Cienciano|25|Diego Enríquez|Portero|24/01/2002 (16)|Perú|1,85m|Derecho|15/07/2020||Transfermarkt|2020|2025-11-04 10:46:46
2020|Club Cienciano|5|Benjamín Ubierna|Defensa central|22/11/1991 (27)|Perú, Argentina|1,90m|Derecho|01/01/2020|425000.0|Transfermarkt|2020|2025-11-04 10:46:46
2020|Club Cienciano|13|Juan Diego Lojas|Defensa central|23/04/1989 (29)|Perú|1,88m|Derecho|29/01/2019|400000.0|Transfermarkt|2020|2025-11-04 10:46:46
2020|Club Cienciano|4|Lampros Kontogiannis|Defensa central|01/08/1988 (30)|México, Grecia|1,82m|Derecho|01/01/2020|375000.0|Transfermarkt|2020|2025-11-04 10:46:46
2020|Club Cienciano|2|Ángelo Pizzorno|Defensa central|21/10/1991 (27)|Uruguay|1,85m|Izquierdo|06/01/2020|250000.0|Transfermarkt|2020|2025-11-04 10:46:46
2020|Club Cienciano|3|Javier Salazar|Defensa central|10/03/1982 (36)|Perú|1,85m|Derecho|29/08/2019|75000.0|Transfermarkt|2020|2025-11-04 10:46:46
2020|Club Cienciano|28|Yuri Bazán|Defensa central|24/05/1997 (21)|Perú|1,85m|Izquierdo|01/01/2017|50000.0|Transfermarkt|2020|2025-11-04 10:46:46
2020|Club Cienciano|-|Rodrigo Tagle|Defensa central|19/01/2002 (16)|Perú|1,78m|Derecho|||Transfermarkt|2020|2025-11-04 10:46:46
2020|Club Cienciano|27|Luis Trujillo|Lateral izquierdo|27/12/1990 (28)|Perú|1,74m|Izquierdo|01/01/2020|300000.0|Transfermarkt|2020|2025-11-04 10:46:46
2020|Club Cienciano|20|Deyair Reyes|Lateral izquierdo|04/03/1992 (26)|Perú|1,67m|Izquierdo|01/01/2019|150000.0|Transfermarkt|2020|2025-11-04 10:46:46
2020|Club Cienciano|16|Aldair Perleche|Lateral derecho|04/06/1995 (23)|Perú|1,76m|Derecho|01/01/2020|225000.0|Transfermarkt|2020|2025-11-04 10:46:46
2020|Club Cienciano|21|Erick Perleche|Lateral derecho|15/08/2000 (18)|Perú|1,70m|Derecho|01/01/2020||Transfermarkt|2020|2025-11-04 10:46:46
2020|Club Cienciano|8|Jorge Molina|Pivote|05/03/1987 (31)|Perú|1,75m|Derecho|25/01/2018|250000.0|Transfermarkt|2020|2025-11-04 10:46:46
2020|Club Cienciano|-|Jhony Obeso|Pivote|02/06/1991 (27)|Perú|1,69m|Derecho|20/08/2020||Transfermarkt|2020|2025-11-04 10:46:46
2020|Club Cienciano|23|Rudy Palomino|Pivote|23/07/1998 (20)|Perú|1,70m|Izquierdo|10/07/2024||Transfermarkt|2020|2025-11-04 10:46:46
2020|Club Cienciano|26|Inti Garrafa|Pivote|10/09/1995 (23)|Perú|1,75m|Derecho|01/01/2016||Transfermarkt|2020|2025-11-04 10:46:46
2020|Club Cienciano|-|Bryan Pozsgai|Mediocentro|18/06/2000 (18)|Perú|||||Transfermarkt|2020|2025-11-04 10:46:46
2020|Club Cienciano|6|Abdiel Ayarza|Mediocentro|12/09/1992 (26)|Panamá|1,90m|Derecho|01/01/2024||Transfermarkt|2020|2025-11-04 10:46:46
2020|Club Cienciano|34|Renato García|Mediocentro|07/02/1994 (24)|Perú, España|1,80m|Izquierdo|01/07/2020||Transfermarkt|2020|2025-11-04 10:46:46
2020|Club Cienciano|30|Pier Larrauri|Mediocentro ofensivo|26/03/1994 (24)|Perú, Italia|1,79m|Derecho|01/01/2020|400000.0|Transfermarkt|2020|2025-11-04 10:46:46
2020|Club Cienciano|10|Luis García|Mediocentro ofensivo|05/06/1988 (30)|Perú|1,77m|Derecho|19/01/2019|350000.0|Transfermarkt|2020|2025-11-04 10:46:46
2020|Club Cienciano|-|Junior Aguirre|Extremo izquierdo|18/01/1992 (26)|Perú|1,65m|Derecho|01/01/2020|175000.0|Transfermarkt|2020|2025-11-04 10:46:46
2020|Club Cienciano|-|Bruno Díaz|Extremo izquierdo|12/08/1999 (19)|Perú|1,70m|Derecho|01/01/2021|50000.0|Transfermarkt|2020|2025-11-04 10:46:46
2020|Club Cienciano|31|Diego Temoche|Extremo izquierdo|02/04/2000 (18)|Perú|1,70m|Derecho|25/01/2020||Transfermarkt|2020|2025-11-04 10:46:46
2020|Club Cienciano|12|Damián Ísmodes|Extremo derecho|10/03/1989 (29)|Perú|1,77m|Derecho|26/02/2020|300000.0|Transfermarkt|2020|2025-11-04 10:46:46
2020|Club Cienciano|9|Juan Romagnoli |Extremo derecho|20/06/1996 (22)|Argentina, Italia|1,84m|Ambidiestro|17/01/2023|100000.0|Transfermarkt|2020|2025-11-04 10:46:46
2020|Club Cienciano|24|Edison Kuncho|Extremo derecho|12/02/1996 (22)|Perú|1,70m|Derecho|01/01/2015|75000.0|Transfermarkt|2020|2025-11-04 10:46:46
2020|Club Cienciano|-|Sharif Ramírez|Extremo derecho|13/03/2003 (15)|Perú|1,76m|Derecho|01/01/2021||Transfermarkt|2020|2025-11-04 10:46:46
2020|Club Cienciano|18|José Cuero|Extremo derecho|30/03/1990 (28)|Colombia, Perú|1,80m|Derecho|01/01/2019||Transfermarkt|2020|2025-11-04 10:46:46
2020|Club Cienciano|15|Adrián Ugarriza|Delantero centro|01/01/1997 (21)|Perú|1,85m|Derecho|18/07/2020|275000.0|Transfermarkt|2020|2025-11-04 10:46:46
2020|Club Cienciano|-|Óscar Franco|Delantero centro|17/11/1992 (26)|Paraguay|1,88m|Derecho|01/01/2020|250000.0|Transfermarkt|2020|2025-11-04 10:46:46
2020|Club Cienciano|14|Miguel Curiel|Delantero centro|23/03/1988 (30)|Perú|1,90m|Izquierdo|01/01/2020|100000.0|Transfermarkt|2020|2025-11-04 10:46:46
2020|Club Cienciano|19|Breno Naranjo|Delantero centro|26/01/1996 (22)|Perú|1,85m|Derecho|10/07/2019|75000.0|Transfermarkt|2020|2025-11-04 10:46:46
2020|Club Cienciano|-|Sebastián Villafuerte|Delantero centro|19/05/2001 (17)|Perú||Izquierdo|||Transfermarkt|2020|2025-11-04 10:46:46
2020|Club Cienciano|-|Paulo Rodríguez|Delantero centro|17/03/2003 (15)|Perú|1,77m|Izquierdo|01/01/2022||Transfermarkt|2020|2025-11-04 10:46:46
2020|Sport Huancayo|1|Federico Nicosia|Portero|05/02/1990 (28)|Argentina, Perú|1,88m|Derecho|01/01/2020|250000.0|Transfermarkt|2020|2025-11-04 10:46:46
2020|Sport Huancayo|31|Éder Hermoza|Portero|04/04/1990 (28)|Perú|1,83m|Derecho|01/01/2017|150000.0|Transfermarkt|2020|2025-11-04 10:46:46
2020|Sport Huancayo|57|Joel Pinto|Portero|05/06/1980 (38)|Perú|1,85m|Derecho|01/01/2012|125000.0|Transfermarkt|2020|2025-11-04 10:46:46
2020|Sport Huancayo|5|Hervé Kambou|Defensa central|01/05/1985 (33)|Costa de Marfil, Perú|1,85m|Derecho|01/01/2020|350000.0|Transfermarkt|2020|2025-11-04 10:46:46
2020|Sport Huancayo|4|Jimmy Valoyes|Defensa central|30/11/1986 (32)|Colombia, Perú|1,90m|Derecho|01/01/2020|300000.0|Transfermarkt|2020|2025-11-04 10:46:46
2020|Sport Huancayo|3|Víctor Balta|Defensa central|03/01/1986 (32)|Perú|1,81m|Derecho|01/01/2019|225000.0|Transfermarkt|2020|2025-11-04 10:46:46
2020|Sport Huancayo|29|Rodrigo Menacho|Defensa central|13/04/1999 (19)|Perú|1,85m|Derecho|01/01/2022||Transfermarkt|2020|2025-11-04 10:46:46
2020|Sport Huancayo|2|Hugo Ángeles|Lateral izquierdo|18/12/1993 (25)|Perú|1,80m|Izquierdo|05/01/2020|150000.0|Transfermarkt|2020|2025-11-04 10:46:46
2020|Sport Huancayo|16|Joseph Vega|Lateral izquierdo|09/12/1994 (24)|Perú|1,75m|Izquierdo|04/03/2020||Transfermarkt|2020|2025-11-04 10:46:46
2020|Sport Huancayo|25|Giancarlo Carmona|Lateral derecho|12/10/1985 (33)|Perú|1,87m|Derecho|01/01/2020|175000.0|Transfermarkt|2020|2025-11-04 10:46:46
2020|Sport Huancayo|-|Marco Huamán|Lateral derecho|25/09/2002 (16)|Perú|1,70m|Derecho|01/01/2021||Transfermarkt|2020|2025-11-04 10:46:46
2020|Sport Huancayo|12|Anthony Fuentes|Lateral derecho|24/02/2000 (18)|Perú|1,85m|Derecho|01/07/2019||Transfermarkt|2020|2025-11-04 10:46:46
2020|Sport Huancayo|24|Carlos Caraza|Lateral derecho|14/11/1985 (33)|Perú|1,75m|Derecho|01/01/2019||Transfermarkt|2020|2025-11-04 10:46:46
2020|Sport Huancayo|6|Alfredo Rojas|Pivote|01/05/1991 (27)|Perú|1,75m|Derecho|01/07/2024|375000.0|Transfermarkt|2020|2025-11-04 10:46:46
2020|Sport Huancayo|22|Ricardo Salcedo |Pivote|23/03/1990 (28)|Perú|1,75m|Derecho|01/01/2016|250000.0|Transfermarkt|2020|2025-11-04 10:46:46
2020|Sport Huancayo|17|Leonardo Villar|Pivote|18/03/2000 (18)|Perú|1,85m|Derecho|01/07/2019||Transfermarkt|2020|2025-11-04 10:46:46
2020|Sport Huancayo|32|Marcio Valverde|Mediocentro|23/10/1987 (31)|Perú|1,74m|Derecho|01/01/2018|350000.0|Transfermarkt|2020|2025-11-04 10:46:46
2020|Sport Huancayo|19|Marcos Lliuya|Mediocentro ofensivo|27/03/1992 (26)|Perú|1,70m|Derecho|10/09/2015|350000.0|Transfermarkt|2020|2025-11-04 10:46:46
2020|Sport Huancayo|10|Milton Benítez|Mediocentro ofensivo|30/03/1986 (32)|Paraguay|1,75m|Derecho|01/01/2019|50000.0|Transfermarkt|2020|2025-11-04 10:46:46
2020|Sport Huancayo|13|Daniel Morales|Extremo izquierdo|28/04/1992 (26)|Perú|1,70m|Izquierdo|01/07/2012|175000.0|Transfermarkt|2020|2025-11-04 10:46:46
2020|Sport Huancayo|-|Luis Campos|Extremo izquierdo|16/11/2000 (18)|Perú|1,75m|Derecho|01/01/2021||Transfermarkt|2020|2025-11-04 10:46:46
2020|Sport Huancayo|23|Víctor Peña|Extremo derecho|14/10/1987 (31)|Perú|1,65m|Derecho|01/01/2015|350000.0|Transfermarkt|2020|2025-11-04 10:46:46
2020|Sport Huancayo|15|Jorge Bazán|Extremo derecho|23/03/1991 (27)|Perú|1,75m|Derecho|01/01/2019|325000.0|Transfermarkt|2020|2025-11-04 10:46:46
2020|Sport Huancayo|-|Carlos Ross|Extremo derecho|23/11/1990 (28)|Chile|1,75m|Derecho|01/01/2022|75000.0|Transfermarkt|2020|2025-11-04 10:46:46
2020|Sport Huancayo|33|Moisés Velásquez|Extremo derecho|24/02/1999 (19)|Perú|1,70m|Derecho|01/07/2019||Transfermarkt|2020|2025-11-04 10:46:46
2020|Sport Huancayo|20|Charles Monsalvo|Delantero centro|26/05/1990 (28)|Colombia|1,80m|Derecho|01/01/2020|350000.0|Transfermarkt|2020|2025-11-04 10:46:46
2020|Sport Huancayo|18|Ronal Huaccha|Delantero centro|20/12/1993 (25)|Perú|1,72m|Derecho|01/01/2020|200000.0|Transfermarkt|2020|2025-11-04 10:46:46
2020|Sport Huancayo|9|Carlos Neumann|Delantero centro|03/01/1986 (32)|Paraguay|1,88m|Derecho|15/08/2017|175000.0|Transfermarkt|2020|2025-11-04 10:46:46
2020|Sport Huancayo|8|Gibson Fuentes|Delantero centro|30/06/1999 (19)|Perú|1,80m|Derecho|01/01/2020||Transfermarkt|2020|2025-11-04 10:46:46
2020|Ayacucho FC|12|Ángel Zamudio|Portero|21/04/1997 (21)|Perú|1,85m|Derecho|01/01/2020|175000.0|Transfermarkt|2020|2025-11-04 10:46:46
2020|Ayacucho FC|1|Exar Rosales|Portero|20/05/1984 (34)|Perú|1,85m|Izquierdo|01/01/2019|150000.0|Transfermarkt|2020|2025-11-04 10:46:46
2020|Ayacucho FC|13|Andy Vidal|Portero|23/08/1994 (24)|Perú|1,92m|Izquierdo|01/01/2018|75000.0|Transfermarkt|2020|2025-11-04 10:46:46
2020|Ayacucho FC|20|Minzum Quina|Defensa central|11/05/1987 (31)|Perú|1,79m|Izquierdo|01/01/2020|325000.0|Transfermarkt|2020|2025-11-04 10:46:46
2020|Ayacucho FC|22|Hugo Souza|Defensa central|28/01/1985 (33)|Uruguay|1,84m|Izquierdo|29/01/2018|275000.0|Transfermarkt|2020|2025-11-04 10:46:46
2020|Ayacucho FC|3|Diego Minaya|Defensa central|01/05/1990 (28)|Perú|1,80m|Derecho|01/01/2019|225000.0|Transfermarkt|2020|2025-11-04 10:46:46
2020|Ayacucho FC|2|Alexis Cossio|Lateral izquierdo|11/02/1995 (23)|Perú|1,84m|Izquierdo|20/01/2020|325000.0|Transfermarkt|2020|2025-11-04 10:46:46
2020|Ayacucho FC|15|Jesús Mendieta|Lateral izquierdo|11/04/1998 (20)|Perú|1,74m|Izquierdo|01/01/2020|100000.0|Transfermarkt|2020|2025-11-04 10:46:46
2020|Ayacucho FC|11|Leandro Sosa|Lateral derecho|24/06/1994 (24)|Uruguay, Perú|1,72m|Derecho|06/01/2020|350000.0|Transfermarkt|2020|2025-11-04 10:46:46
2020|Ayacucho FC|19|Roberto Villamarín|Lateral derecho|25/09/1997 (21)|Perú|1,75m|Derecho|01/01/2020|300000.0|Transfermarkt|2020|2025-11-04 10:46:46
2020|Ayacucho FC|4|Fabio Rojas|Lateral derecho|04/08/1999 (19)|Perú|1,79m|Derecho|01/01/2020|100000.0|Transfermarkt|2020|2025-11-04 10:46:46
2020|Ayacucho FC|-|Luis Rodríguez|Lateral derecho|22/10/2000 (18)|Perú|1,70m|Derecho|29/08/2020|50000.0|Transfermarkt|2020|2025-11-04 10:46:46
2020|Ayacucho FC|5|Erick Canales|Lateral derecho|07/06/2001 (17)|Perú|1,77m|Derecho|20/01/2020||Transfermarkt|2020|2025-11-04 10:46:46
2020|Ayacucho FC|14|Luis Álvarez|Pivote|17/05/1990 (28)|Perú|1,85m|Derecho|01/01/2020|300000.0|Transfermarkt|2020|2025-11-04 10:46:46
2020|Ayacucho FC|33|Gonzalo Papa|Pivote|08/05/1989 (29)|Uruguay|1,77m|Derecho|06/01/2020|300000.0|Transfermarkt|2020|2025-11-04 10:46:46
2020|Ayacucho FC|6|Jorge Murrugarra|Pivote|22/03/1997 (21)|Perú|1,77m|Derecho|01/01/2020|225000.0|Transfermarkt|2020|2025-11-04 10:46:46
2020|Ayacucho FC|8|Anthony Aoki|Pivote|08/06/2000 (18)|Perú|1,79m|Derecho|28/02/2020||Transfermarkt|2020|2025-11-04 10:46:46
2020|Ayacucho FC|28|Gonzalo Lucero|Interior izquierdo|02/04/1994 (24)|Argentina|1,75m|Izquierdo|30/08/2020||Transfermarkt|2020|2025-11-04 10:46:46
2020|Ayacucho FC|10|Robert Ardiles|Mediocentro ofensivo|20/07/1987 (31)|Perú|1,65m|Derecho|01/01/2018|200000.0|Transfermarkt|2020|2025-11-04 10:46:46
2020|Ayacucho FC|9|Carlos Olascuaga|Extremo izquierdo|22/07/1992 (26)|Perú|1,75m|Derecho|03/01/2021|300000.0|Transfermarkt|2020|2025-11-04 10:46:46
2020|Ayacucho FC|17|Joao Villamarín|Extremo izquierdo|10/02/1992 (26)|Perú|1,75m|Derecho|08/01/2025|275000.0|Transfermarkt|2020|2025-11-04 10:46:46
2020|Ayacucho FC|27|Pedro Casique|Extremo izquierdo|22/03/2001 (17)|Perú|1,70m|Derecho|19/02/2020||Transfermarkt|2020|2025-11-04 10:46:46
2020|Ayacucho FC|7|Luis Carranza|Extremo derecho|18/08/1998 (20)|Perú|1,70m|Derecho|01/01/2021|175000.0|Transfermarkt|2020|2025-11-04 10:46:46
2020|Ayacucho FC|-|Sergio Barboza|Extremo derecho|14/06/2001 (17)|Perú|1,75m|Derecho|01/01/2021||Transfermarkt|2020|2025-11-04 10:46:46
2020|Ayacucho FC|18|Diego Espinoza|Extremo derecho|30/01/2001 (17)|Perú|1,70m|Derecho|01/03/2023||Transfermarkt|2020|2025-11-04 10:46:46
2020|Ayacucho FC|25|Maximiliano Callorda|Delantero centro|04/04/1990 (28)|Uruguay|1,88m|Derecho|06/01/2020|275000.0|Transfermarkt|2020|2025-11-04 10:46:46
2020|Ayacucho FC|21|Mauricio Montes|Delantero centro|22/06/1982 (36)|Perú, Italia|1,84m|Derecho|01/01/2018|150000.0|Transfermarkt|2020|2025-11-04 10:46:46
2020|Alianza Universidad|23|Diego Morales|Portero|16/04/1983 (35)|Argentina|1,84m|Derecho|01/01/2019|200000.0|Transfermarkt|2020|2025-11-04 10:46:46
2020|Alianza Universidad|12|Gianfranco Castellanos|Portero|08/04/1988 (30)|Perú|1,88m|Derecho|01/01/2019|125000.0|Transfermarkt|2020|2025-11-04 10:46:46
2020|Alianza Universidad|-|Manuel Montero|Portero|26/09/2001 (17)|Perú|1,82m|Derecho|01/01/2020||Transfermarkt|2020|2025-11-04 10:46:46
2020|Alianza Universidad|4|Gianmarco Gambetta|Defensa central|02/05/1991 (27)|Perú|1,90m|Izquierdo|05/01/2019|325000.0|Transfermarkt|2020|2025-11-04 10:46:46
2020|Alianza Universidad|3|José Canova|Defensa central|30/09/1992 (26)|Perú|1,85m|Derecho|01/01/2020|300000.0|Transfermarkt|2020|2025-11-04 10:46:46
2020|Alianza Universidad|2|Ederson Mogollón|Defensa central|04/10/1992 (26)|Perú|1,82m|Derecho|01/01/2020|175000.0|Transfermarkt|2020|2025-11-04 10:46:46
2020|Alianza Universidad|-|Carlos Gamarra|Defensa central|02/03/2000 (18)|Perú|1,85m|Izquierdo|||Transfermarkt|2020|2025-11-04 10:46:46
2020|Alianza Universidad|27|Juan Cámara|Defensa central|21/12/1992 (26)|Perú|1,80m|Derecho|01/01/2015||Transfermarkt|2020|2025-11-04 10:46:46
2020|Alianza Universidad|22|Diego Encinas|Lateral izquierdo|15/03/1993 (25)|Perú|1,70m|Izquierdo|09/01/2023|200000.0|Transfermarkt|2020|2025-11-04 10:46:46
2020|Alianza Universidad|6|Cristian Carbajal|Lateral izquierdo|20/09/1999 (19)|Perú|1,80m|Izquierdo|01/01/2021||Transfermarkt|2020|2025-11-04 10:46:46
2020|Alianza Universidad|16|Paul Bashi|Lateral derecho|01/04/1993 (25)|Perú|1,78m|Derecho|01/01/2015||Transfermarkt|2020|2025-11-04 10:46:46
2020|Alianza Universidad|35|Alejandro Ramos|Lateral derecho|13/09/1998 (20)|Perú|1,70m|Derecho|01/01/2019||Transfermarkt|2020|2025-11-04 10:46:46
2020|Alianza Universidad|17|Juan Morales|Pivote|06/03/1989 (29)|Perú|1,70m|Derecho|01/01/2020|300000.0|Transfermarkt|2020|2025-11-04 10:46:46
2020|Alianza Universidad|29|Giordano Mendoza|Pivote|18/10/1993 (25)|Perú|1,75m|Derecho|01/01/2019|275000.0|Transfermarkt|2020|2025-11-04 10:46:46
2020|Alianza Universidad|26|Juan Tuesta|Pivote|25/09/1993 (25)|Perú|1,75m|Derecho|12/07/2019|250000.0|Transfermarkt|2020|2025-11-04 10:46:46
2020|Alianza Universidad|7|José Rivas|Pivote|19/08/1989 (29)|Perú|1,75m|Derecho|01/01/2017|75000.0|Transfermarkt|2020|2025-11-04 10:46:46
2020|Alianza Universidad|-|Claudio Ramírez|Pivote|03/06/2000 (18)|Perú|1,75m|Derecho|01/01/2021||Transfermarkt|2020|2025-11-04 10:46:46
2020|Alianza Universidad|15|Axel Moyano|Pivote|03/01/2001 (17)|Perú|1,75m|Derecho|15/01/2020||Transfermarkt|2020|2025-11-04 10:46:46
2020|Alianza Universidad|21|Óscar Vílchez|Mediocentro|21/01/1986 (32)|Perú|1,82m|Derecho|04/01/2019|300000.0|Transfermarkt|2020|2025-11-04 10:46:46
2020|Alianza Universidad|28|Juan Pablo Carranza|Mediocentro|10/03/2001 (17)|Perú|1,76m|Derecho|||Transfermarkt|2020|2025-11-04 10:46:46
2020|Alianza Universidad|30|Jorginho Sernaqué|Mediocentro|11/07/1994 (24)|Perú|1,75m|Izquierdo|01/07/2022||Transfermarkt|2020|2025-11-04 10:46:46
2020|Alianza Universidad|80|Germán Pacheco|Mediocentro ofensivo|19/05/1991 (27)|Argentina, España|1,79m|Izquierdo|15/02/2020|500000.0|Transfermarkt|2020|2025-11-04 10:46:46
2020|Alianza Universidad|8|Mario Ramírez|Mediocentro ofensivo|08/04/1990 (28)|Colombia|1,70m|Derecho|01/01/2020|100000.0|Transfermarkt|2020|2025-11-04 10:46:46
2020|Alianza Universidad|20|Julio Landauri|Extremo izquierdo|17/03/1986 (32)|Perú|1,75m|Izquierdo|01/01/2019|250000.0|Transfermarkt|2020|2025-11-04 10:46:46
2020|Alianza Universidad|18|Flavio Gómez|Extremo derecho|04/01/1997 (21)|Perú|1,70m|Derecho|01/01/2020|250000.0|Transfermarkt|2020|2025-11-04 10:46:46
2020|Alianza Universidad|10|Jack Durán|Extremo derecho|08/12/1991 (27)|Perú|1,65m|Derecho|21/07/2025|50000.0|Transfermarkt|2020|2025-11-04 10:46:46
2020|Alianza Universidad|-|Deivy Carbajal|Extremo derecho|13/05/2002 (16)|Perú|1,75m|Derecho|01/01/2021||Transfermarkt|2020|2025-11-04 10:46:46
2020|Alianza Universidad|19|Enzo Maidana|Delantero centro|13/01/1988 (30)|Argentina|1,88m|Derecho|01/01/2020|250000.0|Transfermarkt|2020|2025-11-04 10:46:46
2020|Alianza Universidad|11|Lionard Pajoy|Delantero centro|07/06/1981 (37)|Colombia|1,80m|Derecho|07/07/2023|150000.0|Transfermarkt|2020|2025-11-04 10:46:46
2020|Alianza Universidad|24|Hernán Rengifo|Delantero centro|18/04/1983 (35)|Perú|1,83m|Derecho|01/01/2020|150000.0|Transfermarkt|2020|2025-11-04 10:46:46
2020|Alianza Universidad|9|Joyce Conde|Delantero centro|08/09/1991 (27)|Perú|1,87m|Derecho|01/01/2018|100000.0|Transfermarkt|2020|2025-11-04 10:46:46
2020|Alianza Universidad|33|Juan Portilla|Delantero centro|07/11/1986 (32)|Perú|1,75m|Derecho|10/07/2016||Transfermarkt|2020|2025-11-04 10:46:46
2020|Sport Boys Association|1|Jonathan Medina|Portero|29/04/1993 (25)|Perú|1,89m|Derecho|01/01/2019|200000.0|Transfermarkt|2020|2025-11-04 10:46:46
2020|Sport Boys Association|12|Giacomo Gambetta|Portero|27/09/1998 (20)|Perú|1,81m|Derecho|01/01/2019||Transfermarkt|2020|2025-11-04 10:46:46
2020|Sport Boys Association|21|Jeremy Aguirre|Portero|20/02/1999 (19)|Perú|1,83m|Derecho|01/01/2019||Transfermarkt|2020|2025-11-04 10:46:46
2020|Sport Boys Association|-|Adrián Zela|Defensa central|20/03/1989 (29)|Perú|1,85m|Derecho|01/01/2020|400000.0|Transfermarkt|2020|2025-11-04 10:46:46
2020|Sport Boys Association|26|Hansell Riojas|Defensa central|15/10/1991 (27)|Perú|1,85m|Derecho|01/01/2025|400000.0|Transfermarkt|2020|2025-11-04 10:46:46
2020|Sport Boys Association|6|Adán Balbín|Defensa central|13/10/1986 (32)|Perú|1,80m|Derecho|01/07/2019|300000.0|Transfermarkt|2020|2025-11-04 10:46:46
2020|Sport Boys Association|5|Benjamín Ampuero|Defensa central|05/08/2000 (18)|Perú|1,85m|Derecho|01/08/2020||Transfermarkt|2020|2025-11-04 10:46:46
2020|Sport Boys Association|27|João Ortiz|Lateral izquierdo|10/02/1991 (27)|Perú, Chile|1,75m|Izquierdo|01/01/2020|275000.0|Transfermarkt|2020|2025-11-04 10:46:46
2020|Sport Boys Association|16|Pedro García|Lateral izquierdo|16/02/2000 (18)|Perú|1,75m|Izquierdo|01/01/2019||Transfermarkt|2020|2025-11-04 10:46:46
2020|Sport Boys Association|-|Yordan Quintanilla|Lateral derecho|30/07/2000 (18)|Perú|1,75m|Derecho|||Transfermarkt|2020|2025-11-04 10:46:46
2020|Sport Boys Association|24|Eduardo Uribe|Pivote|02/09/1985 (33)|Perú|1,79m|Derecho|01/07/2019|225000.0|Transfermarkt|2020|2025-11-04 10:46:46
2020|Sport Boys Association|17|Jean Tragodara|Pivote|16/12/1985 (33)|Perú|1,80m|Derecho|01/01/2019|175000.0|Transfermarkt|2020|2025-11-04 10:46:46
2020|Sport Boys Association|14|Claudio Torrejón|Pivote|14/05/1993 (25)|Perú, Estados Unidos|1,80m|Derecho|01/07/2019|150000.0|Transfermarkt|2020|2025-11-04 10:46:46
2020|Sport Boys Association|25|Paolo de la Haza|Pivote|30/11/1983 (35)|Perú|1,80m|Derecho|01/01/2019|150000.0|Transfermarkt|2020|2025-11-04 10:46:46
2020|Sport Boys Association|-|Joaquín García|Centrocampista|22/04/1999 (19)|Perú||Izquierdo|||Transfermarkt|2020|2025-11-04 10:46:46
2020|Sport Boys Association|-|Sergio Ayaucán|Pivote|26/01/2001 (17)|Perú|1,78m|Derecho|21/04/2021||Transfermarkt|2020|2025-11-04 10:46:46
2020|Sport Boys Association|3|Manuel Tejada|Mediocentro|12/01/1989 (29)|Perú|1,67m|Derecho|01/01/2016|250000.0|Transfermarkt|2020|2025-11-04 10:46:46
2020|Sport Boys Association|28|Luis Cáceres|Mediocentro|16/04/1988 (30)|Paraguay|1,77m|Derecho|01/01/2020|250000.0|Transfermarkt|2020|2025-11-04 10:46:46
2020|Sport Boys Association|13|Freddy Oncoy|Mediocentro|29/09/2000 (18)|Perú|1,82m|Derecho|01/01/2019||Transfermarkt|2020|2025-11-04 10:46:46
2020|Sport Boys Association|8|Luis Ramírez|Mediocentro ofensivo|10/11/1984 (34)|Perú|1,81m|Derecho|01/01/2020|200000.0|Transfermarkt|2020|2025-11-04 10:46:46
2020|Sport Boys Association|10|Jesús Chávez|Mediocentro ofensivo|05/03/1986 (32)|Perú|1,75m|Izquierdo|01/01/2019|200000.0|Transfermarkt|2020|2025-11-04 10:46:46
2020|Sport Boys Association|15|Piero Ratto|Extremo izquierdo|11/05/1998 (20)|Perú|1,70m|Izquierdo|01/01/2018|100000.0|Transfermarkt|2020|2025-11-04 10:46:46
2020|Sport Boys Association|11|Josuee Herrera|Extremo izquierdo|04/02/1999 (19)|Perú|1,70m|Izquierdo|01/01/2019||Transfermarkt|2020|2025-11-04 10:46:46
2020|Sport Boys Association|20|Fernando Caro|Extremo izquierdo|12/11/2000 (18)|Perú|1,75m|Derecho|01/01/2020||Transfermarkt|2020|2025-11-04 10:46:46
2020|Sport Boys Association|22|Walter Vásquez|Extremo izquierdo|28/08/1998 (20)|Perú|1,73m|Derecho|01/01/2020||Transfermarkt|2020|2025-11-04 10:46:46
2020|Sport Boys Association|7|Claudio Villagra|Extremo derecho|02/01/1996 (22)|Argentina|1,65m|Derecho|01/01/2020|300000.0|Transfermarkt|2020|2025-11-04 10:46:46
2020|Sport Boys Association|19|Sebastián Penco|Delantero centro|22/09/1983 (35)|Argentina, Italia|1,85m|Derecho|10/07/2019|200000.0|Transfermarkt|2020|2025-11-04 10:46:46
2020|Sport Boys Association|30|Ignacio Huguenet|Delantero centro|05/03/1998 (20)|Argentina|1,88m|Derecho|01/01/2020|200000.0|Transfermarkt|2020|2025-11-04 10:46:46
2020|Sport Boys Association|23|Leonardo Ruiz|Delantero centro|25/07/2000 (18)|Perú|1,85m|Izquierdo|01/01/2020||Transfermarkt|2020|2025-11-04 10:46:46
2020|Universidad Técnica de Cajamarca|33|Carlos Solís|Portero|20/09/1990 (28)|Perú|1,82m|Derecho|01/01/2020|200000.0|Transfermarkt|2020|2025-11-04 10:46:46
2020|Universidad Técnica de Cajamarca|1|Salomón Libman|Portero|25/02/1984 (34)|Perú|1,83m|Izquierdo|01/01/2020|125000.0|Transfermarkt|2020|2025-11-04 10:46:46
2020|Universidad Técnica de Cajamarca|13|Luis García|Portero|28/09/1999 (19)|Perú|1,90m|Derecho|01/01/2020||Transfermarkt|2020|2025-11-04 10:46:46
2020|Universidad Técnica de Cajamarca|4|Koichi Aparicio  |Defensa central|06/06/1992 (26)|Perú|1,89m|Derecho|01/01/2024|300000.0|Transfermarkt|2020|2025-11-04 10:46:46
2020|Universidad Técnica de Cajamarca|2|Delio Ojeda|Defensa central|25/09/1985 (33)|Paraguay|1,88m|Derecho|01/01/2020|200000.0|Transfermarkt|2020|2025-11-04 10:46:46
2020|Universidad Técnica de Cajamarca|22|Nicolás Ortiz|Defensa central|04/03/1995 (23)|Argentina|1,88m|Derecho|01/01/2020|150000.0|Transfermarkt|2020|2025-11-04 10:46:46
2020|Universidad Técnica de Cajamarca|15|Leonardo Rugel|Defensa central|02/06/2001 (17)|Perú|1,88m|Derecho|01/01/2025||Transfermarkt|2020|2025-11-04 10:46:46
2020|Universidad Técnica de Cajamarca|17|Diego Mesía|Lateral izquierdo|10/04/2001 (17)|Perú|1,80m|Izquierdo|10/01/2020||Transfermarkt|2020|2025-11-04 10:46:46
2020|Universidad Técnica de Cajamarca|19|Josué Rodríguez|Lateral izquierdo|13/05/1993 (25)|Perú|1,80m|Izquierdo|20/01/2020||Transfermarkt|2020|2025-11-04 10:46:46
2020|Universidad Técnica de Cajamarca|26|Adrián Gutiérrez|Lateral izquierdo|20/02/2000 (18)|Perú|1,82m|Izquierdo|01/01/2021||Transfermarkt|2020|2025-11-04 10:46:46
2020|Universidad Técnica de Cajamarca|7|Josué Estrada|Lateral derecho|07/09/1994 (24)|Perú|1,79m|Derecho|01/01/2019|275000.0|Transfermarkt|2020|2025-11-04 10:46:46
2020|Universidad Técnica de Cajamarca|3|Christian Vásquez|Lateral derecho|15/10/1999 (19)|Perú|1,77m|Derecho|10/01/2020|50000.0|Transfermarkt|2020|2025-11-04 10:46:46
2020|Universidad Técnica de Cajamarca|8|Carlos Uribe|Pivote|25/03/1992 (26)|Perú|1,80m|Derecho|01/01/2020|300000.0|Transfermarkt|2020|2025-11-04 10:46:46
2020|Universidad Técnica de Cajamarca|6|José Cotrina|Pivote|08/08/1997 (21)|Perú|1,77m|Derecho|01/08/2020|200000.0|Transfermarkt|2020|2025-11-04 10:46:46
2020|Universidad Técnica de Cajamarca|25|Paulo Goyoneche|Pivote|08/04/1993 (25)|Perú|1,74m|Derecho|01/09/2024|200000.0|Transfermarkt|2020|2025-11-04 10:46:46
2020|Universidad Técnica de Cajamarca|20|Carlo Diez|Pivote|18/04/1996 (22)|Perú|1,79m|Derecho|01/01/2020|150000.0|Transfermarkt|2020|2025-11-04 10:46:46
2020|Universidad Técnica de Cajamarca|5|Sebastián Ternero|Pivote|03/04/1997 (21)|Perú|1,87m|Derecho|01/01/2020|125000.0|Transfermarkt|2020|2025-11-04 10:46:46
2020|Universidad Técnica de Cajamarca|29|Erinson Ramírez|Mediocentro ofensivo|15/03/1998 (20)|Perú|1,78m|Derecho|01/01/2025|225000.0|Transfermarkt|2020|2025-11-04 10:46:46
2020|Universidad Técnica de Cajamarca|18|Gerardo Martínez|Mediocentro ofensivo|11/04/1991 (27)|Argentina|1,88m|Izquierdo|01/07/2019||Transfermarkt|2020|2025-11-04 10:46:46
2020|Universidad Técnica de Cajamarca|21|Andy Huamán|Mediocentro ofensivo|04/07/2001 (17)|Perú|1,70m|Derecho|01/01/2019||Transfermarkt|2020|2025-11-04 10:46:46
2020|Universidad Técnica de Cajamarca|10|Gino Guerrero|Extremo izquierdo|24/10/1992 (26)|Perú|1,71m|Derecho|01/01/2020|300000.0|Transfermarkt|2020|2025-11-04 10:46:46
2020|Universidad Técnica de Cajamarca|17|Rick Campodónico|Extremo izquierdo|10/01/1996 (22)|Perú|1,79m|Derecho|01/01/2019|225000.0|Transfermarkt|2020|2025-11-04 10:46:46
2020|Universidad Técnica de Cajamarca|23|Emiliano Trovento|Extremo izquierdo|10/01/1995 (23)|Argentina|1,65m|Derecho|04/08/2020|200000.0|Transfermarkt|2020|2025-11-04 10:46:46
2020|Universidad Técnica de Cajamarca|24|Luis Iberico |Extremo izquierdo|06/02/1998 (20)|Perú|1,78m|Derecho|20/01/2020|150000.0|Transfermarkt|2020|2025-11-04 10:46:46
2020|Universidad Técnica de Cajamarca|11|Darey Pérez|Extremo izquierdo|28/06/1996 (22)|Perú|1,75m|Derecho|01/01/2020||Transfermarkt|2020|2025-11-04 10:46:46
2020|Universidad Técnica de Cajamarca|13|Carlos Ruiz|Extremo izquierdo|25/01/2002 (16)|Perú|1,75m|Izquierdo|15/08/2020||Transfermarkt|2020|2025-11-04 10:46:46
2020|Universidad Técnica de Cajamarca|14|Kevin Ruiz|Extremo derecho|14/02/1995 (23)|Perú|1,80m|Derecho|02/01/2024|125000.0|Transfermarkt|2020|2025-11-04 10:46:46
2020|Universidad Técnica de Cajamarca|16|Mauro Guevgeozián|Delantero centro|10/05/1986 (32)|Armenia, Uruguay|1,84m|Derecho|01/01/2020|300000.0|Transfermarkt|2020|2025-11-04 10:46:46
2020|Universidad Técnica de Cajamarca|9|Renato Espinosa|Delantero centro|06/07/1998 (20)|Perú, España|1,85m|Derecho|01/01/2020|50000.0|Transfermarkt|2020|2025-11-04 10:46:46
2020|Deportivo Llacuabamba|21|Daniel Prieto|Portero|18/09/1995 (23)|Perú|1,91m|Derecho|01/08/2020|200000.0|Transfermarkt|2020|2025-11-04 10:46:46
2020|Deportivo Llacuabamba|1|Miguel Ramírez|Portero|05/04/1991 (27)|Perú|1,80m|Derecho|30/08/2019||Transfermarkt|2020|2025-11-04 10:46:46
2020|Deportivo Llacuabamba|12|Mario Ovando|Portero|22/02/1991 (27)|Paraguay|1,89m|Derecho|21/01/2020||Transfermarkt|2020|2025-11-04 10:46:46
2020|Deportivo Llacuabamba|33|Humberto Mendoza|Defensa central|02/10/1984 (34)|Colombia|1,92m|Derecho|21/02/2020|250000.0|Transfermarkt|2020|2025-11-04 10:46:46
2020|Deportivo Llacuabamba|13|Manuel Calderón|Defensa central|28/01/1990 (28)|Perú|1,82m|Derecho|10/01/2020|200000.0|Transfermarkt|2020|2025-11-04 10:46:46
2020|Deportivo Llacuabamba|35|Félix Uculmana|Defensa central|25/02/1991 (27)|Perú|1,80m|Derecho|01/07/2019|175000.0|Transfermarkt|2020|2025-11-04 10:46:46
2020|Deportivo Llacuabamba|2|Jimmy Vásquez|Defensa central|25/09/1994 (24)|Perú|1,80m|Derecho|01/01/2019||Transfermarkt|2020|2025-11-04 10:46:46
2020|Deportivo Llacuabamba|4|Álvaro Olaya|Defensa central|25/07/1993 (25)|Perú|1,83m|Derecho|01/01/2019||Transfermarkt|2020|2025-11-04 10:46:46
2020|Deportivo Llacuabamba|34|Gianluca Di Laura|Defensa central|30/11/1990 (28)|Perú, Italia|1,85m|Derecho|29/02/2020||Transfermarkt|2020|2025-11-04 10:46:46
2020|Deportivo Llacuabamba|19|Nicolás Raguso|Lateral izquierdo|02/01/1992 (26)|Uruguay, Italia|1,69m|Izquierdo|14/01/2020|200000.0|Transfermarkt|2020|2025-11-04 10:46:46
2020|Deportivo Llacuabamba|18|Cristian Cerna|Lateral izquierdo|20/01/1995 (23)|Perú|1,67m|Izquierdo|01/01/2019||Transfermarkt|2020|2025-11-04 10:46:46
2020|Deportivo Llacuabamba|22|Jaime Vásquez|Lateral derecho|21/02/1991 (27)|Perú|1,75m|Derecho|21/02/2022|225000.0|Transfermarkt|2020|2025-11-04 10:46:46
2020|Deportivo Llacuabamba|6|Marlon Ruidías|Lateral derecho|13/05/1999 (19)|Perú|1,75m|Derecho|01/01/2019||Transfermarkt|2020|2025-11-04 10:46:46
2020|Deportivo Llacuabamba|28|César Ruiz|Pivote|10/01/1990 (28)|Perú|1,77m|Derecho|19/01/2020|200000.0|Transfermarkt|2020|2025-11-04 10:46:46
2020|Deportivo Llacuabamba|15|Keyvin Paico|Pivote|08/04/1995 (23)|Perú|1,70m|Derecho|01/01/2020|175000.0|Transfermarkt|2020|2025-11-04 10:46:46
2020|Deportivo Llacuabamba|5|Kelvin Sánchez|Pivote|03/01/1999 (19)|Perú|1,80m|Izquierdo|19/01/2020|50000.0|Transfermarkt|2020|2025-11-04 10:46:46
2020|Deportivo Llacuabamba|17|Yerson Pachas|Pivote|21/11/1998 (20)|Perú|1,67m|Derecho|25/03/2022||Transfermarkt|2020|2025-11-04 10:46:46
2020|Deportivo Llacuabamba|20|Jardy Portocarrero|Pivote|10/05/1991 (27)|Perú|1,75m|Izquierdo|01/02/2022||Transfermarkt|2020|2025-11-04 10:46:46
2020|Deportivo Llacuabamba|27|Junior Viza|Mediocentro ofensivo|03/04/1985 (33)|Perú|1,75m|Ambidiestro|23/01/2020|225000.0|Transfermarkt|2020|2025-11-04 10:46:46
2020|Deportivo Llacuabamba|16|Segundo Acevedo|Mediocentro ofensivo|18/02/1994 (24)|Perú|1,75m|Derecho|01/07/2022|175000.0|Transfermarkt|2020|2025-11-04 10:46:46
2020|Deportivo Llacuabamba|10|Alexander Sánchez|Mediocentro ofensivo|06/06/1984 (34)|Perú|1,72m|Derecho|05/01/2020|150000.0|Transfermarkt|2020|2025-11-04 10:46:46
2020|Deportivo Llacuabamba|24|Niger Vega|Mediocentro ofensivo|06/08/1993 (25)|Perú|1,75m|Derecho|18/01/2020|150000.0|Transfermarkt|2020|2025-11-04 10:46:46
2020|Deportivo Llacuabamba|11|Kevin Santamaría|Mediocentro ofensivo|11/01/1991 (27)|El Salvador, Guatemala|1,74m|Izquierdo|05/07/2024||Transfermarkt|2020|2025-11-04 10:46:46
2020|Deportivo Llacuabamba|31|Diego Pérez|Mediocentro ofensivo|03/09/2000 (18)|Perú|1,75m|Derecho|25/02/2025||Transfermarkt|2020|2025-11-04 10:46:46
2020|Deportivo Llacuabamba|14|Arly Benites|Extremo izquierdo|15/02/1997 (21)|Perú|1,61m|Ambidiestro|01/02/2025|150000.0|Transfermarkt|2020|2025-11-04 10:46:46
2020|Deportivo Llacuabamba|26|Diago Portugal|Extremo izquierdo|23/02/1991 (27)|Perú|1,67m|Ambidiestro|22/09/2020|50000.0|Transfermarkt|2020|2025-11-04 10:46:46
2020|Deportivo Llacuabamba|8|Javier Trauco|Extremo izquierdo|22/05/1991 (27)|Perú|1,68m|Derecho|01/02/2022||Transfermarkt|2020|2025-11-04 10:46:46
2020|Deportivo Llacuabamba|-|Christian Adrianzén|Extremo derecho|21/03/1994 (24)|Perú|1,78m|Derecho|15/01/2020|250000.0|Transfermarkt|2020|2025-11-04 10:46:46
2020|Deportivo Llacuabamba|23|Félix Espinoza|Extremo derecho|08/05/1999 (19)|Perú|1,75m|Derecho|17/08/2021||Transfermarkt|2020|2025-11-04 10:46:46
2020|Deportivo Llacuabamba|29|Francisco Bustamante|Extremo derecho|15/01/2000 (18)|Perú||Derecho|01/01/2019||Transfermarkt|2020|2025-11-04 10:46:46
2020|Deportivo Llacuabamba|7|Daniel Chávez|Delantero centro|08/01/1988 (30)|Perú|1,75m|Ambidiestro|10/01/2020|475000.0|Transfermarkt|2020|2025-11-04 10:46:46
2020|Deportivo Llacuabamba|32|Maximiliano Velasco|Delantero centro|19/06/1990 (28)|Argentina|1,79m|Derecho|25/01/2020|400000.0|Transfermarkt|2020|2025-11-04 10:46:46
2020|Deportivo Llacuabamba|30|Miguel Otero|Delantero centro|10/06/1990 (28)|Perú|1,77m|Derecho|01/01/2019|50000.0|Transfermarkt|2020|2025-11-04 10:46:46
2020|Deportivo Llacuabamba|-|Fabrizio Roca|Delantero centro|20/03/2002 (16)|Perú|1,80m|Derecho|||Transfermarkt|2020|2025-11-04 10:46:46
2020|Deportivo Llacuabamba|9|Álex Valera|Delantero centro|16/05/1996 (22)|Perú|1,83m|Izquierdo|21/11/2019||Transfermarkt|2020|2025-11-04 10:46:46
2020|Deportivo Municipal|1|Diego Melián|Portero|04/11/1991 (27)|Uruguay, Perú|1,88m|Derecho|20/01/2020|200000.0|Transfermarkt|2020|2025-11-04 10:46:46
2020|Deportivo Municipal|12|Jorge Arteaga|Portero|26/11/1998 (20)|Perú|1,88m|Derecho|01/01/2018|50000.0|Transfermarkt|2020|2025-11-04 10:46:46
2020|Deportivo Municipal|20|Hairo Camacho|Portero|05/04/1994 (24)|Perú|1,81m|Derecho|20/01/2020|50000.0|Transfermarkt|2020|2025-11-04 10:46:46
2020|Deportivo Municipal|2|Cristian Dávila|Defensa central|06/07/1990 (28)|Perú|1,85m|Derecho|01/03/2024|225000.0|Transfermarkt|2020|2025-11-04 10:46:46
2020|Deportivo Municipal|23|Renzo Alfani|Defensa central|18/02/1996 (22)|Argentina|1,90m|Derecho|20/01/2020|150000.0|Transfermarkt|2020|2025-11-04 10:46:46
2020|Deportivo Municipal|3|Eduardo Caballero|Defensa central|31/03/1997 (21)|Perú|1,83m|Derecho|01/01/2019||Transfermarkt|2020|2025-11-04 10:46:46
2020|Deportivo Municipal|4|Rotceh Aguilar|Defensa central|12/06/2001 (17)|Perú|1,75m|Derecho|01/01/2018||Transfermarkt|2020|2025-11-04 10:46:46
2020|Deportivo Municipal|5|David Díaz|Lateral izquierdo|12/03/1991 (27)|Perú|1,75m|Izquierdo|20/01/2020|275000.0|Transfermarkt|2020|2025-11-04 10:46:46
2020|Deportivo Municipal|-|Alonso Yovera|Lateral izquierdo|11/02/2001 (17)|Perú|1,82m|Izquierdo|01/01/2021||Transfermarkt|2020|2025-11-04 10:46:46
2020|Deportivo Municipal|18|Jorge Torres|Lateral izquierdo|26/07/1999 (19)|Perú|1,80m|Izquierdo|01/01/2019||Transfermarkt|2020|2025-11-04 10:46:46
2020|Deportivo Municipal|16|Yhirbis Córdova|Lateral derecho|03/01/1991 (27)|Perú|1,75m|Derecho|20/01/2020|250000.0|Transfermarkt|2020|2025-11-04 10:46:46
2020|Deportivo Municipal|6|Eduardo Pita|Lateral derecho|05/06/1998 (20)|Perú|1,75m|Derecho|01/01/2019||Transfermarkt|2020|2025-11-04 10:46:46
2020|Deportivo Municipal|29|Jean Pierre Archimbaud|Pivote|16/08/1994 (24)|Perú|1,81m|Izquierdo|20/01/2020|300000.0|Transfermarkt|2020|2025-11-04 10:46:46
2020|Deportivo Municipal|22|David Dioses|Pivote|20/02/1996 (22)|Perú|1,79m|Derecho|20/01/2020|175000.0|Transfermarkt|2020|2025-11-04 10:46:46
2020|Deportivo Municipal|26|Matías Mansilla|Pivote|21/01/1996 (22)|Argentina|1,75m|Derecho|20/01/2020|125000.0|Transfermarkt|2020|2025-11-04 10:46:46
2020|Deportivo Municipal|-|Adrián Ascues|Mediocentro|15/11/2002 (16)|Perú|1,82m|Izquierdo|01/01/2021||Transfermarkt|2020|2025-11-04 10:46:46
2020|Deportivo Municipal|7|Mario Velarde|Mediocentro ofensivo|03/07/1990 (28)|Perú|1,77m|Izquierdo|20/01/2020|500000.0|Transfermarkt|2020|2025-11-04 10:46:46
2020|Deportivo Municipal|-|Rodrigo Vilca|Mediocentro ofensivo|12/03/1999 (19)|Perú, España|1,75m|Derecho|01/07/2019||Transfermarkt|2020|2025-11-04 10:46:46
2020|Deportivo Municipal|10|Jeremías Bogado|Extremo izquierdo|04/07/1995 (23)|Paraguay|1,74m|Derecho|01/01/2019|350000.0|Transfermarkt|2020|2025-11-04 10:46:46
2020|Deportivo Municipal|19|Jhojan Domínguez|Extremo izquierdo|09/07/2000 (18)|Perú|1,75m|Izquierdo|01/01/2020||Transfermarkt|2020|2025-11-04 10:46:46
2020|Deportivo Municipal|11|Ítalo Regalado|Extremo derecho|15/09/1995 (23)|Perú|1,80m|Derecho|01/07/2015|300000.0|Transfermarkt|2020|2025-11-04 10:46:46
2020|Deportivo Municipal|24|Júnior Ross|Extremo derecho|19/02/1986 (32)|Perú|1,80m|Derecho|20/01/2020|225000.0|Transfermarkt|2020|2025-11-04 10:46:46
2020|Deportivo Municipal|13|Arón Torres|Extremo derecho|24/04/1997 (21)|Perú|1,75m|Derecho|20/01/2019||Transfermarkt|2020|2025-11-04 10:46:46
2020|Deportivo Municipal|21|Andy Pando|Delantero centro|28/07/1983 (35)|Perú|1,80m|Derecho|20/01/2020|150000.0|Transfermarkt|2020|2025-11-04 10:46:46
2020|Deportivo Municipal|30|Masakatsu Sawa|Delantero centro|12/01/1983 (35)|Japón|1,75m|Derecho|20/01/2020|125000.0|Transfermarkt|2020|2025-11-04 10:46:46
2020|Deportivo Municipal|9|Matías Succar|Delantero centro|16/02/1999 (19)|Perú, Líbano|1,84m|Izquierdo|01/01/2017||Transfermarkt|2020|2025-11-04 10:46:46
2020|Deportivo Municipal|14|Paulo Gallardo|Delantero centro|29/01/2001 (17)|Perú|1,80m|Derecho|01/04/2020||Transfermarkt|2020|2025-11-04 10:46:46
2020|Deportivo Municipal|34|Rafael Meza|Delantero centro|08/03/2000 (18)|Perú, España|1,85m|Derecho|01/01/2020||Transfermarkt|2020|2025-11-04 10:46:46
2020|Academia Deportiva Cantolao|1|Érick Delgado|Portero|30/06/1982 (36)|Perú|1,90m|Derecho|01/01/2020|150000.0|Transfermarkt|2020|2025-11-04 10:46:46
2020|Academia Deportiva Cantolao|50|José Lozada|Portero|12/12/1991 (27)|Perú|1,88m|Derecho|01/01/2023|75000.0|Transfermarkt|2020|2025-11-04 10:46:46
2020|Academia Deportiva Cantolao|31|José Dávila|Portero|01/07/1998 (20)|Perú|1,80m|Derecho|01/01/2015|50000.0|Transfermarkt|2020|2025-11-04 10:46:46
2020|Academia Deportiva Cantolao|4|José Ramírez|Defensa central|20/10/1987 (31)|Colombia|1,85m|Derecho|20/01/2020|500000.0|Transfermarkt|2020|2025-11-04 10:46:46
2020|Academia Deportiva Cantolao|24|Víctor Salas|Defensa central|24/03/1993 (25)|Perú|1,88m|Izquierdo|01/01/2016|150000.0|Transfermarkt|2020|2025-11-04 10:46:46
2020|Academia Deportiva Cantolao|25|Brayan Arana|Defensa central|21/01/1994 (24)|Perú|1,77m|Derecho|01/01/2020|150000.0|Transfermarkt|2020|2025-11-04 10:46:46
2020|Academia Deportiva Cantolao|5|Orlando Contreras|Defensa central|11/06/1982 (36)|Perú|1,85m|Derecho|10/01/2017|125000.0|Transfermarkt|2020|2025-11-04 10:46:46
2020|Academia Deportiva Cantolao|-|Juan Diego Roque|Defensa central|09/08/2001 (17)|Perú|1,80m|Derecho|01/01/2021||Transfermarkt|2020|2025-11-04 10:46:46
2020|Academia Deportiva Cantolao|3|Arón Sánchez|Defensa central|04/05/2003 (15)|Perú|1,85m|Derecho|01/01/2020||Transfermarkt|2020|2025-11-04 10:46:46
2020|Academia Deportiva Cantolao|6|Christian Sánchez|Defensa central|05/04/1999 (19)|Perú|1,76m|Derecho|05/01/2023||Transfermarkt|2020|2025-11-04 10:46:46
2020|Academia Deportiva Cantolao|21|Ronald Vega|Defensa central|12/03/2000 (18)|Perú|1,82m|Izquierdo|01/01/2020||Transfermarkt|2020|2025-11-04 10:46:46
2020|Academia Deportiva Cantolao|12|Farihd Jasaui|Lateral izquierdo|09/09/1991 (27)|Perú|1,71m|Izquierdo|01/01/2019|250000.0|Transfermarkt|2020|2025-11-04 10:46:46
2020|Academia Deportiva Cantolao|18|Orlando Núñez|Lateral izquierdo|16/01/2000 (18)|Perú|1,70m|Izquierdo|01/01/2020||Transfermarkt|2020|2025-11-04 10:46:46
2020|Academia Deportiva Cantolao|13|César Barco|Lateral derecho|18/01/1998 (20)|Perú|1,75m|Derecho|01/01/2019||Transfermarkt|2020|2025-11-04 10:46:46
2020|Academia Deportiva Cantolao|8|Paulo Albarracín|Pivote|30/11/1989 (29)|Perú|1,80m|Derecho|05/01/2017|300000.0|Transfermarkt|2020|2025-11-04 10:46:46
2020|Academia Deportiva Cantolao|29|Walter Serrano|Pivote|02/07/1986 (32)|Argentina|1,77m|Derecho|01/03/2020|250000.0|Transfermarkt|2020|2025-11-04 10:46:46
2020|Academia Deportiva Cantolao|28|Leonel Solís|Pivote|30/08/1996 (22)|Perú|1,81m|Derecho|21/07/2021|75000.0|Transfermarkt|2020|2025-11-04 10:46:46
2020|Academia Deportiva Cantolao|15|Jesús Castillo|Pivote|10/03/1996 (22)|Perú|1,75m|Izquierdo|01/01/2017||Transfermarkt|2020|2025-11-04 10:46:46
2020|Academia Deportiva Cantolao|26|Rodrigo Salinas|Pivote|10/04/1999 (19)|Perú|1,73m|Derecho|01/01/2020||Transfermarkt|2020|2025-11-04 10:46:46
2020|Academia Deportiva Cantolao|-|Andres Latorre Vitor|Mediocentro|10/03/1999 (19)|Perú|1,69m|Derecho|||Transfermarkt|2020|2025-11-04 10:46:46
2020|Academia Deportiva Cantolao|7|Yuriel Celi|Mediocentro ofensivo|20/02/2002 (16)|Perú|1,77m|Izquierdo|01/05/2019||Transfermarkt|2020|2025-11-04 10:46:46
2020|Academia Deportiva Cantolao|14|Exlander Sanes|Mediocentro ofensivo|16/11/2001 (17)|Perú|1,70m|Derecho|01/01/2020||Transfermarkt|2020|2025-11-04 10:46:46
2020|Academia Deportiva Cantolao|11|Jhamir D'Arrigo|Extremo izquierdo|15/11/1999 (19)|Perú|1,68m|Izquierdo|01/01/2020||Transfermarkt|2020|2025-11-04 10:46:46
2020|Academia Deportiva Cantolao|23|Sandro Rengifo|Extremo izquierdo|31/10/1995 (23)|Perú|1,65m|Derecho|01/01/2018||Transfermarkt|2020|2025-11-04 10:46:46
2020|Academia Deportiva Cantolao|10|Junior Ponce|Extremo derecho|16/02/1994 (24)|Perú|1,72m|Derecho|01/01/2019|350000.0|Transfermarkt|2020|2025-11-04 10:46:46
2020|Academia Deportiva Cantolao|17|Mario Tajima|Extremo derecho|31/05/1993 (25)|Perú, Colombia|1,69m|Derecho|01/01/2023|300000.0|Transfermarkt|2020|2025-11-04 10:46:46
2020|Academia Deportiva Cantolao|-|Michael Owens|Extremo derecho|24/06/2003 (15)|Perú, Estados Unidos|1,75m||||Transfermarkt|2020|2025-11-04 10:46:46
2020|Academia Deportiva Cantolao|22|Jarlín Quintero|Delantero centro|19/08/1993 (25)|Colombia|1,88m|Derecho|25/01/2020|300000.0|Transfermarkt|2020|2025-11-04 10:46:46
2020|Academia Deportiva Cantolao|9|Mario Ceballos|Delantero centro|07/08/1990 (28)|Perú|1,89m|Derecho|01/01/2020|200000.0|Transfermarkt|2020|2025-11-04 10:46:46
2020|Academia Deportiva Cantolao|-|Sebastián La Torre|Delantero centro|29/09/1998 (20)|Perú|1,88m|Derecho|15/04/2018||Transfermarkt|2020|2025-11-04 10:46:46
2020|Academia Deportiva Cantolao|-|Daniel Tarazona|Delantero centro|27/09/1999 (19)|Perú|1,85m|Derecho|01/07/2020||Transfermarkt|2020|2025-11-04 10:46:46
2020|Academia Deportiva Cantolao|21|Adibe Somadina|Delantero centro|20/03/1998 (20)|Nigeria|1,80m|Derecho|01/01/2019||Transfermarkt|2020|2025-11-04 10:46:46
2020|Universidad San Martín de Porres|1|Diego Penny|Portero|22/04/1984 (34)|Perú|1,97m|Derecho|01/01/2019|175000.0|Transfermarkt|2020|2025-11-04 10:46:46
2020|Universidad San Martín de Porres|13|Pedro Ynamine|Portero|14/10/1998 (20)|Perú|1,81m|Izquierdo|01/02/2023|75000.0|Transfermarkt|2020|2025-11-04 10:46:46
2020|Universidad San Martín de Porres|-|Massimo Sandi|Portero|12/05/2002 (16)|Perú|1,85m|Derecho|||Transfermarkt|2020|2025-11-04 10:46:46
2020|Universidad San Martín de Porres|12|Carlos Torres|Portero|12/06/2000 (18)|Perú|1,80m|Derecho|01/01/2019||Transfermarkt|2020|2025-11-04 10:46:46
2020|Universidad San Martín de Porres|5|Werner Schuler|Defensa central|27/07/1990 (28)|Perú, Suiza|1,88m|Derecho|01/01/2020|300000.0|Transfermarkt|2020|2025-11-04 10:46:46
2020|Universidad San Martín de Porres|23|Saúl Salas|Defensa central|10/10/1994 (24)|Perú|1,73m|Derecho|01/01/2016|250000.0|Transfermarkt|2020|2025-11-04 10:46:46
2020|Universidad San Martín de Porres|6|José Luján|Defensa central|12/01/1997 (21)|Perú|1,85m|Izquierdo|01/01/2017|150000.0|Transfermarkt|2020|2025-11-04 10:46:46
2020|Universidad San Martín de Porres|2|Jonathan Bilbao|Defensa central|29/07/1999 (19)|Perú, Venezuela|1,84m|Derecho|01/01/2019||Transfermarkt|2020|2025-11-04 10:46:46
2020|Universidad San Martín de Porres|4|Jefferson Portales|Defensa central|29/11/1997 (21)|Perú|1,94m|Derecho|01/01/2018||Transfermarkt|2020|2025-11-04 10:46:46
2020|Universidad San Martín de Porres|25|Francesco Cavagna|Defensa central|16/09/2000 (18)|Perú|1,85m|Derecho|01/01/2020||Transfermarkt|2020|2025-11-04 10:46:46
2020|Universidad San Martín de Porres|14|José Bolívar|Lateral izquierdo|17/01/2000 (18)|Perú|1,75m|Izquierdo|01/01/2018|50000.0|Transfermarkt|2020|2025-11-04 10:46:46
2020|Universidad San Martín de Porres|30|Mathías Llontop|Lateral izquierdo|22/05/2002 (16)|Perú|1,69m|Izquierdo|01/01/2020||Transfermarkt|2020|2025-11-04 10:46:46
2020|Universidad San Martín de Porres|3|Luis Garro|Lateral derecho|20/07/1996 (22)|Perú|1,76m|Derecho|01/01/2020|225000.0|Transfermarkt|2020|2025-11-04 10:46:46
2020|Universidad San Martín de Porres|7|Jhon Vega|Pivote|21/03/1995 (23)|Perú|1,81m|Derecho|09/07/2019||Transfermarkt|2020|2025-11-04 10:46:46
2020|Universidad San Martín de Porres|44|Alfonso Barco|Pivote|07/12/2001 (17)|Perú|1,88m|Izquierdo|01/01/2020||Transfermarkt|2020|2025-11-04 10:46:46
2020|Universidad San Martín de Porres|8|Jordan Guivin|Mediocentro|23/02/1998 (20)|Perú|1,70m|Derecho|01/01/2017|150000.0|Transfermarkt|2020|2025-11-04 10:46:46
2020|Universidad San Martín de Porres|20|Edhu Oliva|Mediocentro|17/01/1996 (22)|Perú|1,75m|Derecho|30/07/2025|150000.0|Transfermarkt|2020|2025-11-04 10:46:46
2020|Universidad San Martín de Porres|10|Jairo Concha|Mediocentro|27/05/1999 (19)|Perú|1,75m|Derecho|25/02/2020|50000.0|Transfermarkt|2020|2025-11-04 10:46:46
2020|Universidad San Martín de Porres|11|Gaspar Gentile|Extremo izquierdo|16/02/1995 (23)|Argentina, Perú|1,82m|Derecho|26/02/2020|100000.0|Transfermarkt|2020|2025-11-04 10:46:46
2020|Universidad San Martín de Porres|22|Óscar Pinto|Extremo izquierdo|20/01/2002 (16)|Perú|1,79m|Derecho|25/02/2020||Transfermarkt|2020|2025-11-04 10:46:46
2020|Universidad San Martín de Porres|26|Piero Vivanco|Extremo derecho|17/01/2000 (18)|Perú|1,80m|Derecho|01/01/2020||Transfermarkt|2020|2025-11-04 10:46:46
2020|Universidad San Martín de Porres|27|Franco Zanelatto|Extremo derecho|09/05/2000 (18)|Perú, Paraguay|1,75m|Derecho|01/01/2019||Transfermarkt|2020|2025-11-04 10:46:46
2020|Universidad San Martín de Porres|18|Santiago Rebagliati|Delantero centro|01/08/1996 (22)|Perú, Italia|1,89m|Izquierdo|10/07/2019|50000.0|Transfermarkt|2020|2025-11-04 10:46:46
2020|Universidad San Martín de Porres|9|Mohamed Karamoko|Delantero centro|25/01/2002 (16)|Costa de Marfil|1,80m|Derecho|08/01/2020||Transfermarkt|2020|2025-11-04 10:46:46
2020|Universidad San Martín de Porres|17|Nicolás Figueroa|Delantero centro|24/05/2002 (16)|Perú|1,87m|Derecho|01/01/2020||Transfermarkt|2020|2025-11-04 10:46:46
2020|Universidad San Martín de Porres|19|Sebastián Gonzales|Delantero centro|06/12/1999 (19)|Perú|1,86m|Derecho|04/02/2020||Transfermarkt|2020|2025-11-04 10:46:46
2020|Universidad San Martín de Porres|29|Héctor Bazán |Delantero centro|15/11/2001 (17)|Perú, Italia|1,85m|Derecho|01/03/2023||Transfermarkt|2020|2025-11-04 10:46:46
2020|Universidad San Martín de Porres|34|Marcelo Olivera|Delantero centro|04/01/1999 (19)|Argentina|1,80m|Derecho|01/01/2019||Transfermarkt|2020|2025-11-04 10:46:46
